SALE TYPE,SOLD DATE,PROPERTY TYPE,ADDRESS,CITY,STATE OR PROVINCE,ZIP OR POSTAL CODE,PRICE,BEDS,BATHS,LOCATION,SQUARE FEET,LOT SIZE,YEAR BUILT,DAYS ON MARKET,$/SQUARE FEET,HOA/MONTH,STATUS,NEXT OPEN HOUSE START TIME,NEXT OPEN HOUSE END TIME,URL (SEE https://www.redfin.com/buy-a-home/comparative-market-analysis FOR INFO ON PRICING),SOURCE,MLS#,FAVORITE,INTERESTED,LATITUDE,LONGITUDE
PAST SALE,December-23-2021,Single Family Residential,4531 E MARCONI Ave,Phoenix,AZ,85032,749000.0,4.0,2.0,GREENWAY GLEN,2380.0,10148.0,1985.0,,315.0,,Sold,,,https://www.redfin.com/AZ/Phoenix/4531-E-Marconi-Ave-85032/home/27608311,ARMLS,6328489.0,N,Y,33.6309747,-111.9825705
PAST SALE,September-1-2023,Single Family Residential,2414 E Dahlia Dr,Phoenix,AZ,85032,477000.0,3.0,2.0,CLEARVIEW 5,1215.0,6585.0,1971.0,,393.0,,Sold,,,https://www.redfin.com/AZ/Phoenix/2414-E-Dahlia-Dr-85032/home/26974969,ARMLS,6589525.0,N,Y,33.6036303,-112.029915
PAST SALE,May-17-2021,Townhouse,13834 N 42ND St,Phoenix,AZ,85032,333000.0,2.0,2.0,VINTAGE REPLAT,1216.0,1993.0,1985.0,,274.0,193.0,Sold,,,https://www.redfin.com/AZ/Phoenix/13834-N-42nd-St-85032/home/27382851,ARMLS,6221901.0,N,Y,33.6130287,-111.99149
PAST SALE,May-31-2023,Single Family Residential,16638 N 35th Way,Phoenix,AZ,85032,515000.0,3.0,2.0,PREMIERE AT SUMMER BREEZE TWO LOT 97-166 TR AB,1522.0,6946.0,1993.0,,338.0,42.0,Sold,,,https://www.redfin.com/AZ/Phoenix/16638-N-35th-Way-85032/home/28425249,ARMLS,6550220.0,N,Y,33.6384168,-112.0057694
PAST SALE,April-23-2021,Townhouse,18250 N CAVE CREEK Rd #133,Phoenix,AZ,85032,247000.0,2.0,2.5,KENSINGTON PLACE CONDOMINIUM,1440.0,687.0,2005.0,,172.0,210.0,Sold,,,https://www.redfin.com/AZ/Phoenix/18250-N-Cave-Creek-Rd-85032/unit-133/home/28147433,ARMLS,6218073.0,N,Y,33.652918,-112.0313123
PAST SALE,March-31-2021,Single Family Residential,3834 E HEARN Rd,Phoenix,AZ,85032,390000.0,3.0,2.0,PARADISE VALLEY OASIS NO. 7,1290.0,6368.0,1974.0,,302.0,,Sold,,,https://www.redfin.com/AZ/Phoenix/3834-E-Hearn-Rd-85032/home/28081811,ARMLS,6202151.0,N,Y,33.6156813,-111.9970091
PAST SALE,May-11-2022,Single Family Residential,13033 N 42ND St,Phoenix,AZ,85032,490000.0,3.0,1.0,PARADISE VALLEY OASIS NO. 9,1358.0,8653.0,1976.0,,361.0,,Sold,,,https://www.redfin.com/AZ/Phoenix/13033-N-42nd-St-85032/home/27912276,ARMLS,6375065.0,N,Y,33.6057271,-111.9913269
PAST SALE,May-10-2022,Single Family Residential,4529 E MONTE CRISTO Ave,Phoenix,AZ,85032,955000.0,4.0,2.0,PRESTWICK RANCH,2400.0,10938.0,1999.0,,398.0,,Sold,,,https://www.redfin.com/AZ/Phoenix/4529-E-Monte-Cristo-Ave-85032/home/26969519,ARMLS,6379317.0,N,Y,33.6318225,-111.9834264
PAST SALE,October-6-2022,Single Family Residential,3530 E NISBET Rd,Phoenix,AZ,85032,410000.0,4.0,2.0,PARADISE VALLEY OASIS 11,1653.0,6304.0,1979.0,,248.0,,Sold,,,https://www.redfin.com/AZ/Phoenix/3530-E-Nisbet-Rd-85032/home/26890562,ARMLS,6460374.0,N,Y,33.6228975,-112.0051097
PAST SALE,February-16-2023,Single Family Residential,4301 E Whitney Ln,Phoenix,AZ,85032,695000.0,4.0,2.5,COVEY UNIT 8,2275.0,9458.0,1984.0,,305.0,,Sold,,,https://www.redfin.com/AZ/Phoenix/4301-E-Whitney-Ln-85032/home/27766946,ARMLS,6504668.0,N,Y,33.6205822,-111.9892931
PAST SALE,November-14-2022,Single Family Residential,3423 E LE Marche Ave,Phoenix,AZ,85032,530000.0,4.0,2.0,VILLA ADDANTE LOT 1-25,1835.0,5928.0,1991.0,,289.0,,Sold,,,https://www.redfin.com/AZ/Phoenix/3423-E-Le-Marche-Ave-85032/home/28114447,ARMLS,6467420.0,N,Y,33.6324169,-112.0079982
PAST SALE,July-27-2023,Townhouse,18239 N 40th St #109,Phoenix,AZ,85032,285000.0,2.0,1.5,PARADISE HILLS TOWNHOMES UNIT 1-78,1189.0,625.0,1998.0,,240.0,200.0,Sold,,,https://www.redfin.com/AZ/Phoenix/18239-N-40th-St-85032/unit-109/home/27920043,ARMLS,6557574.0,N,Y,33.6524045,-111.9963676
PAST SALE,October-1-2021,Condo/Co-op,4455 E PARADISE VILLAGE Pkwy #1001,Phoenix,AZ,85032,365000.0,2.0,2.0,VILLAS AT STONECREEK LUXURY CONDOMINIUMS,1234.0,571.0,2001.0,,296.0,277.0,Sold,,,https://www.redfin.com/AZ/Phoenix/4455-E-Paradise-Village-Pkwy-S-85032/unit-1001/home/28104371,ARMLS,6286451.0,N,Y,33.5957347,-111.9826876
PAST SALE,June-28-2023,Single Family Residential,14601 N 44th St,Phoenix,AZ,85032,578500.0,3.0,3.0,COVEY UNIT 7 LOT 329-363,1465.0,8843.0,1983.0,,395.0,,Sold,,,https://www.redfin.com/AZ/Phoenix/14601-N-44th-St-85032/home/28266053,ARMLS,6554975.0,N,Y,33.6191634,-111.9862733
PAST SALE,May-26-2023,Single Family Residential,14419 N 35th St,Phoenix,AZ,85032,310000.0,2.0,1.0,PARADISE VALLEY OASIS NO. 10,840.0,5911.0,1979.0,,369.0,,Sold,,,https://www.redfin.com/AZ/Phoenix/14419-N-35th-St-85032/home/28208312,ARMLS,6547317.0,N,Y,33.6178101,-112.0076084
PAST SALE,October-7-2021,Single Family Residential,3332 E ACOMA Dr,Phoenix,AZ,85032,362000.0,3.0,2.0,GREENWAY ESTATES NO. 4,1154.0,8221.0,1980.0,,314.0,,Sold,,,https://www.redfin.com/AZ/Phoenix/3332-E-Acoma-Dr-85032/home/27964945,ARMLS,6287138.0,N,Y,33.6191617,-112.0101669
PAST SALE,September-15-2021,Single Family Residential,4314 E GREENWAY Ln,Phoenix,AZ,85032,615000.0,3.0,2.0,ROYAL ESTATES EAST UNIT 4,1858.0,7886.0,1988.0,,331.0,,Sold,,,https://www.redfin.com/AZ/Phoenix/4314-E-Greenway-Ln-85032/home/27447318,ARMLS,6248736.0,N,Y,33.6251642,-111.9877638
PAST SALE,May-10-2023,Single Family Residential,14808 N 37th Pl,Phoenix,AZ,85032,395000.0,3.0,2.0,PARADISE VALLEY MANOR NO. 3,1268.0,7470.0,1973.0,,312.0,,Sold,,,https://www.redfin.com/AZ/Phoenix/14808-N-37th-Pl-85032/home/27703579,ARMLS,6534217.0,N,Y,33.6212881,-112.0023674
PAST SALE,September-27-2022,Single Family Residential,4407 E MONTE CRISTO Ave,Phoenix,AZ,85032,750000.0,3.0,2.0,GREENBRIER EAST UNIT 12,2181.0,10155.0,1986.0,,344.0,,Sold,,,https://www.redfin.com/AZ/Phoenix/4407-E-Monte-Cristo-Ave-85032/home/27921086,ARMLS,6436115.0,N,Y,33.6318302,-111.98604
PAST SALE,August-24-2022,Single Family Residential,3010 E FRIESS Dr,Phoenix,AZ,85032,472400.0,3.0,2.0,CIMARRON HILLS 3,1325.0,6514.0,1999.0,,357.0,,Sold,,,https://www.redfin.com/AZ/Phoenix/3010-E-Friess-Dr-85032/home/28012381,ARMLS,6433067.0,N,Y,33.6140344,-112.0171533
PAST SALE,August-23-2021,Single Family Residential,3210 E LARKSPUR Dr,Phoenix,AZ,85032,569000.0,4.0,2.5,HY-VIEW NO. 12 PLAT C,2417.0,10928.0,1973.0,,235.0,,Sold,,,https://www.redfin.com/AZ/Phoenix/3210-E-Larkspur-Dr-85032/home/27486339,ARMLS,6263422.0,N,Y,33.6012723,-112.0125656
PAST SALE,May-4-2023,Condo/Co-op,4444 E Paradise Village Pkwy #247,Phoenix,AZ,85032,300000.0,2.0,2.0,PARADISE PARK CONDOMINIUMS PHASE 1,1000.0,1041.0,1980.0,,300.0,300.0,Sold,,,https://www.redfin.com/AZ/Phoenix/4444-E-Paradise-Village-Pkwy-N-85032/unit-247/home/28223263,ARMLS,6532275.0,N,Y,33.6052582,-111.9843292
PAST SALE,March-15-2021,Single Family Residential,4021 E ACOMA Dr,Phoenix,AZ,85032,647000.0,5.0,3.0,PARADISE VALLEY OASIS NO. 8,2940.0,8508.0,1976.0,,220.0,,Sold,,,https://www.redfin.com/AZ/Phoenix/4021-E-Acoma-Dr-85032/home/27613727,ARMLS,6178122.0,N,Y,33.6188832,-111.9949303
PAST SALE,November-10-2021,Single Family Residential,2706 E Dahlia Dr,Phoenix,AZ,85032,450000.0,3.0,2.0,CLEARVIEW 6,1740.0,7008.0,1972.0,,259.0,,Sold,,,https://www.redfin.com/AZ/Phoenix/2706-E-Dahlia-Dr-85032/home/28328839,ARMLS,6278237.0,N,Y,33.6036884,-112.0246986
PAST SALE,,Single Family Residential,3540 E Voltaire Dr,Phoenix,AZ,85032,360000.0,,2.0,,1064.0,7016.0,1970.0,,338.0,,,,,https://www.redfin.com/AZ/Phoenix/3540-E-Voltaire-Dr-85032/home/27402494,,,N,Y,33.611926,-112.0050027
PAST SALE,October-5-2022,Townhouse,4129 E CHARTER OAK Rd,Phoenix,AZ,85032,429000.0,3.0,2.0,LAS HACIENDAS DE PARADISE VILLAGE,1591.0,2209.0,1980.0,,270.0,280.0,Sold,,,https://www.redfin.com/AZ/Phoenix/4129-E-Charter-Oak-Rd-85032/home/28108664,ARMLS,6429820.0,N,Y,33.5982835,-111.9934202
PAST SALE,September-16-2022,Single Family Residential,4532 E Crocus Dr,Phoenix,AZ,85032,890000.0,5.0,3.5,ROYAL ESTATES EAST,3506.0,10146.0,1982.0,,254.0,,Sold,,,https://www.redfin.com/AZ/Phoenix/4532-E-Crocus-Dr-85032/home/27533457,ARMLS,6425513.0,N,Y,33.6167131,-111.9836883
PAST SALE,March-14-2023,Single Family Residential,3620 E Joan DE Arc Ave,Phoenix,AZ,85032,420000.0,3.0,2.0,PARADISE VALLEY OASIS NO 4,1330.0,6190.0,1971.0,,316.0,,Sold,,,https://www.redfin.com/AZ/Phoenix/3620-E-Joan-de-Arc-Ave-85032/home/26976706,ARMLS,6497311.0,N,Y,33.6092482,-112.0035617
PAST SALE,October-17-2022,Single Family Residential,3015 E WAGONER Rd,Phoenix,AZ,85032,465000.0,3.0,2.5,PARADISE VALLEY TERRACE,2062.0,7301.0,1995.0,,226.0,,Sold,,,https://www.redfin.com/AZ/Phoenix/3015-E-Wagoner-Rd-85032/home/27309413,ARMLS,6414187.0,N,Y,33.6541386,-112.0175078
PAST SALE,June-20-2023,Single Family Residential,12638 N 28th Pl,Phoenix,AZ,85032,605000.0,5.0,3.0,PALO VERDE EAST UNIT 2,2266.0,8297.0,1974.0,,267.0,,Sold,,,https://www.redfin.com/AZ/Phoenix/12638-N-28th-Pl-85032/home/27814442,ARMLS,6473888.0,N,Y,33.6018198,-112.0212287
PAST SALE,June-16-2023,Mobile/Manufactured Home,16205 N 33rd Pl,Phoenix,AZ,85032,125000.0,2.0,2.0,Palm Lakes Village,1152.0,4961.0,1969.0,,109.0,78.0,Sold,,,https://www.redfin.com/AZ/Phoenix/16205-N-33rd-Pl-85032/home/27760209,ARMLS,6559853.0,N,Y,33.6338453,-112.0101203
PAST SALE,May-2-2023,Single Family Residential,17633 N 35th Way,Phoenix,AZ,85032,320000.0,3.0,2.0,PARQUE VISTA ESTATES UNIT 4,1297.0,6639.0,1979.0,,247.0,,Sold,,,https://www.redfin.com/AZ/Phoenix/17633-N-35th-Way-85032/home/28069382,ARMLS,6490387.0,N,Y,33.6465231,-112.0034744
PAST SALE,,Condo/Co-op,15402 N 28th St #105,Phoenix,AZ,85032,105000.0,,2.0,,946.0,,1984.0,,111.0,,,,,https://www.redfin.com/AZ/Phoenix/15402-N-28th-St-85032/unit-105/home/26897874,,,N,Y,33.6266026,-112.0222505
PAST SALE,June-1-2021,Condo/Co-op,12212 N PARADISE VILLAGE Pkwy S #153,Phoenix,AZ,85032,350000.0,2.0,2.0,ANASAZI VILLAGE CONDOMINIUMS,1256.0,1422.0,1984.0,,279.0,355.0,Sold,,,https://www.redfin.com/AZ/Phoenix/12212-N-Paradise-Village-Pkwy-S-85032/unit-153/home/27704831,ARMLS,6241176.0,N,Y,33.5966348,-111.9871117
PAST SALE,November-23-2021,Single Family Residential,2622 E Louise Dr,Phoenix,AZ,85032,345000.0,4.0,2.0,Clearview,1782.0,7592.0,1972.0,,194.0,,Sold,,,https://www.redfin.com/AZ/Phoenix/2622-E-Louise-Dr-85032/home/26979453,ARMLS,6314740.0,N,Y,33.6014599,-112.0257232
PAST SALE,,Single Family Residential,17418 N 46th Pl,Phoenix,AZ,85032,556750.0,,3.0,,1881.0,4162.0,1992.0,,296.0,,,,,https://www.redfin.com/AZ/Phoenix/17418-N-46th-Pl-85032/home/28151356,,,N,Y,33.6449655,-111.9811059
PAST SALE,,Single Family Residential,3633 E Sweetwater Ave Unit AYE,Phoenix,AZ,85032,455000.0,,2.0,,1546.0,7001.0,1979.0,,294.0,,,,,https://www.redfin.com/AZ/Phoenix/3633-E-Sweetwater-Ave-85032/unit-AYE/home/27284931,,,N,Y,33.6041511,-112.0031001
PAST SALE,June-7-2023,Vacant Land,15875 N 34th St Unit -,Phoenix,AZ,85032,1300000.0,,,Phoenix,,166401.0,,,,,Sold,,,https://www.redfin.com/AZ/Phoenix/15875-N-34th-St-85032/Unit/home/180938627,ARMLS,6443046.0,N,Y,33.631207,-112.0078
PAST SALE,,Single Family Residential,3814 E Willow Ave,Phoenix,AZ,85032,455000.0,,2.0,,1640.0,7601.0,1972.0,,277.0,,,,,https://www.redfin.com/AZ/Phoenix/3814-E-Willow-Ave-85032/home/26976579,,,N,Y,33.6082899,-111.9990743
PAST SALE,,Condo/Co-op,4444 E Paradise Village Pkwy N #102,Phoenix,AZ,85032,270000.0,,2.0,,1000.0,,1980.0,,270.0,,,,,https://www.redfin.com/AZ/Phoenix/4444-E-Paradise-Village-Pkwy-N-85032/unit-102/home/28166411,,,N,Y,33.6052582,-111.9843292
PAST SALE,,Single Family Residential,2607 E Libby St,Phoenix,AZ,85032,360000.0,,2.0,,1288.0,6979.0,1980.0,,280.0,,,,,https://www.redfin.com/AZ/Phoenix/2607-E-Libby-St-85032/home/27240397,,,N,Y,33.6483557,-112.0261424
PAST SALE,May-13-2021,Single Family Residential,15607 N 47TH St,Phoenix,AZ,85032,505000.0,3.0,2.5,ALCANTARA VILLAS 2ND AMD,2020.0,2652.0,2014.0,,250.0,95.0,Sold,,,https://www.redfin.com/AZ/Phoenix/15607-N-47th-St-85032/home/62192207,ARMLS,6235440.0,N,Y,33.6282819,-111.9796944
PAST SALE,,Single Family Residential,3423 E Paradise Ln,Phoenix,AZ,85032,467500.0,,3.0,,1654.0,7178.0,1996.0,,283.0,,,,,https://www.redfin.com/AZ/Phoenix/3423-E-Paradise-Ln-85032/home/27802832,,,N,Y,33.6332709,-112.0080908
PAST SALE,May-27-2022,Condo/Co-op,18416 N CAVE CREEK Rd #2045,Phoenix,AZ,85032,296500.0,2.0,2.0,UNION HILLS CONDOMINIUM,924.0,846.0,2005.0,,321.0,208.0,Sold,,,https://www.redfin.com/AZ/Phoenix/18416-N-Cave-Creek-Rd-85032/unit-2045/home/27682544,ARMLS,6386027.0,N,Y,33.6535317,-112.0314753
PAST SALE,,Single Family Residential,2631 E Charleston Ave,Phoenix,AZ,85032,300000.0,,1.0,,1496.0,6803.0,1981.0,,201.0,,,,,https://www.redfin.com/AZ/Phoenix/2631-E-Charleston-Ave-85032/home/28133198,,,N,Y,33.649031,-112.0248616
PAST SALE,,Single Family Residential,14841 N 34th Pl,Phoenix,AZ,85032,391050.0,,1.0,,1288.0,6930.0,1963.0,,304.0,,,,,https://www.redfin.com/AZ/Phoenix/14841-N-34th-Pl-85032/home/27242805,,,N,Y,33.6223339,-112.0069979
PAST SALE,February-26-2021,Single Family Residential,2917 E VOLTAIRE Ave,Phoenix,AZ,85032,426000.0,3.0,1.75,VIEW PARADISE,1621.0,13164.0,1970.0,,263.0,,Sold,,,https://www.redfin.com/AZ/Phoenix/2917-E-Voltaire-Ave-85032/home/27216862,ARMLS,6187981.0,N,Y,33.6098049,-112.0188766
PAST SALE,,Single Family Residential,3902 E Marconi Ave,Phoenix,AZ,85032,385000.0,,3.0,,1411.0,5552.0,1987.0,,273.0,,,,,https://www.redfin.com/AZ/Phoenix/3902-E-Marconi-Ave-85032/home/28203530,,,N,Y,33.6311712,-111.9976244
PAST SALE,August-1-2023,Single Family Residential,3007 E Saint John Rd,Phoenix,AZ,85032,438000.0,2.0,1.0,CAMPOBELLO,1144.0,18328.0,1954.0,,383.0,,Sold,,,https://www.redfin.com/AZ/Phoenix/3007-E-Saint-John-Rd-85032/home/27067566,ARMLS,6583997.0,N,Y,33.6464112,-112.0178519
PAST SALE,,Single Family Residential,4150 E Sweetwater Ave,Phoenix,AZ,85032,300000.0,,1.0,,1400.0,7909.0,1976.0,,214.0,,,,,https://www.redfin.com/AZ/Phoenix/4150-E-Sweetwater-Ave-85032/home/27806383,,,N,Y,33.6045948,-111.9914899
PAST SALE,May-16-2023,Single Family Residential,3844 E Waltann Ln,Phoenix,AZ,85032,510500.0,3.0,2.0,SILVERTREE 1,1608.0,6092.0,1984.0,,317.0,36.0,Sold,,,https://www.redfin.com/AZ/Phoenix/3844-E-Waltann-Ln-85032/home/28253635,ARMLS,6542607.0,N,Y,33.6288206,-111.9987342
PAST SALE,May-25-2023,Condo/Co-op,4554 E Paradise Village Pkwy N #210,Phoenix,AZ,85032,190000.0,1.0,1.0,PARADISE PARK CONDOMINIUMS PHASE 2,685.0,71.0,1980.0,,277.0,260.0,Sold,,,https://www.redfin.com/AZ/Phoenix/4554-E-Paradise-Village-Pkwy-N-85032/unit-210/home/27651651,ARMLS,6540479.0,N,Y,33.6051968,-111.9840825
PAST SALE,,Single Family Residential,3116 E Hartford Ave,Phoenix,AZ,85032,275000.0,,2.0,,1155.0,12105.0,1973.0,,238.0,,,,,https://www.redfin.com/AZ/Phoenix/3116-E-Hartford-Ave-85032/home/28392540,,,N,Y,33.6432439,-112.0148254
PAST SALE,,Condo/Co-op,18250 N Cave Creek Rd #191,Phoenix,AZ,85032,213000.0,,3.0,,1440.0,,2005.0,,148.0,,,,,https://www.redfin.com/AZ/Phoenix/18250-N-Cave-Creek-Rd-85032/unit-191/home/28050340,,,N,Y,33.652918,-112.0313123
PAST SALE,,Mobile/Manufactured Home,3434 E Beverly Ln,Phoenix,AZ,85032,115000.0,,,,1152.0,6342.0,1976.0,,100.0,,,,,https://www.redfin.com/AZ/Phoenix/3434-E-Beverly-Ln-85032/home/28255765,,,N,Y,33.6344379,-112.0077217
PAST SALE,,Single Family Residential,4102 E Wagoner Rd,Phoenix,AZ,85032,275000.0,,1.0,,1422.0,10667.0,1960.0,,193.0,,,,,https://www.redfin.com/AZ/Phoenix/4102-E-Wagoner-Rd-85032/home/27822982,,,N,Y,33.6544573,-111.9938653
PAST SALE,April-25-2023,Single Family Residential,18232 N 30th Pl,Phoenix,AZ,85032,395000.0,3.0,2.5,PARADISE PARC SIDE,1425.0,3668.0,1986.0,,277.0,12.0,Sold,,,https://www.redfin.com/AZ/Phoenix/18232-N-30th-Pl-85032/home/27814013,ARMLS,6547818.0,N,Y,33.6525892,-112.0177711
PAST SALE,,Single Family Residential,17815 N 41st Pl,Phoenix,AZ,85032,520000.0,,2.0,,1505.0,6380.0,2000.0,,346.0,,,,,https://www.redfin.com/AZ/Phoenix/17815-N-41st-Pl-85032/home/27943493,,,N,Y,33.6485808,-111.9924348
PAST SALE,February-11-2021,Single Family Residential,4308 E Sheena Dr,Phoenix,AZ,85032,560000.0,3.0,2.0,SHADOWRIDGE 3,2013.0,12147.0,1979.0,,278.0,,Sold,,,https://www.redfin.com/AZ/Phoenix/4308-E-Sheena-Dr-85032/home/27352903,ARMLS,6182020.0,N,Y,33.6142416,-111.9893707
PAST SALE,August-31-2021,Single Family Residential,13217 N 31ST Pl,Phoenix,AZ,85032,386000.0,3.0,2.0,MELROSE PARK PARADISE UNIT 2,1577.0,8935.0,1976.0,,245.0,,Sold,,,https://www.redfin.com/AZ/Phoenix/13217-N-31st-Pl-85032/home/27441808,ARMLS,6286998.0,N,Y,33.6066468,-112.0144053
PAST SALE,February-28-2023,Single Family Residential,4109 E Captain Dreyfus Ave,Phoenix,AZ,85032,410000.0,3.0,1.0,PARADISE VALLEY OASIS NO. 9,1102.0,8037.0,1976.0,,372.0,,Sold,,,https://www.redfin.com/AZ/Phoenix/4109-E-Captain-Dreyfus-Ave-85032/home/27121075,ARMLS,6518749.0,N,Y,33.6049584,-111.9928872
PAST SALE,November-22-2021,Single Family Residential,17821 N 47th St,Phoenix,AZ,85032,520000.0,3.0,2.5,MONTAIRE LOT 1-93 TR A,1595.0,4606.0,1993.0,,326.0,28.0,Sold,,,https://www.redfin.com/AZ/Phoenix/17821-N-47th-St-85032/home/28088634,ARMLS,6309343.0,N,Y,33.6487114,-111.9801226
PAST SALE,,Mobile/Manufactured Home,2725 E Grandview Rd,Phoenix,AZ,85032,105000.0,,,,720.0,5949.0,1980.0,,146.0,,,,,https://www.redfin.com/AZ/Phoenix/2725-E-Grandview-Rd-85032/home/27240062,,,N,Y,33.6351216,-112.023115
PAST SALE,February-28-2022,Townhouse,15020 N 40TH St N #5,Phoenix,AZ,85032,340000.0,2.0,2.0,VINTAGE NORTH LOT 1-44 TR A-G,1121.0,2649.0,1986.0,,303.0,200.0,Sold,,,https://www.redfin.com/AZ/Phoenix/15020-N-40th-St-85032/unit-5/home/27430155,ARMLS,6333722.0,N,Y,33.6230398,-111.9969393
PAST SALE,,Single Family Residential,17045 N 36th St,Phoenix,AZ,85032,351600.0,,1.0,,1050.0,6542.0,1976.0,,335.0,,,,,https://www.redfin.com/AZ/Phoenix/17045-N-36th-St-85032/home/28398627,,,N,Y,33.6420139,-112.005323
PAST SALE,,Condo/Co-op,12212 N Paradise Village Pkwy S #328,Phoenix,AZ,85032,228000.0,,2.0,,850.0,,1983.0,,268.0,,,,,https://www.redfin.com/AZ/Phoenix/12212-N-Paradise-Village-Pkwy-S-85032/unit-328/home/28260639,,,N,Y,33.5966348,-111.9871117
PAST SALE,June-15-2022,Mobile/Manufactured Home,2708 E KINGS Ave,Phoenix,AZ,85032,220000.0,3.0,2.0,BELL PARK 4,1457.0,7160.0,2008.0,,151.0,,Sold,,,https://www.redfin.com/AZ/Phoenix/2708-E-Kings-Ave-85032/home/27978479,ARMLS,6398442.0,N,Y,33.6363456,-112.0239068
PAST SALE,,Single Family Residential,3024 E Wagoner Rd,Phoenix,AZ,85032,453500.0,,3.0,,1244.0,4950.0,1995.0,,365.0,,,,,https://www.redfin.com/AZ/Phoenix/3024-E-Wagoner-Rd-85032/home/27633554,,,N,Y,33.6544565,-112.0169412
PAST SALE,,Single Family Residential,2631 E Pershing Ave,Phoenix,AZ,85032,440000.0,,2.0,,2330.0,14998.0,1962.0,,189.0,,,,,https://www.redfin.com/AZ/Phoenix/2631-E-Pershing-Ave-85032/home/27665067,,,N,Y,33.6059963,-112.0241397
PAST SALE,August-1-2022,Single Family Residential,3724 E Columbine Dr,Phoenix,AZ,85032,560000.0,3.0,2.0,PARADISE VALLEY VILLAGE UNIT 4,1248.0,8890.0,1979.0,,449.0,,Sold,,,https://www.redfin.com/AZ/Phoenix/3724-E-Columbine-Dr-85032/home/27953824,ARMLS,6422231.0,N,Y,33.6007149,-112.0018298
PAST SALE,,Condo/Co-op,4465 E Paradise Village Pkwy S #1190,Phoenix,AZ,85032,250000.0,,1.0,,844.0,,2001.0,,296.0,,,,,https://www.redfin.com/AZ/Phoenix/4465-E-Paradise-Village-Pkwy-S-85032/unit-1190/home/28390678,,,N,Y,33.5954514,-111.9818486
PAST SALE,,Townhouse,2420 E Villa Maria Dr,Phoenix,AZ,85032,148000.0,,1.0,,836.0,3519.0,1986.0,,177.0,,,,,https://www.redfin.com/AZ/Phoenix/2420-E-Villa-Maria-Dr-85032/home/27904428,,,N,Y,33.6527874,-112.0300082
PAST SALE,February-28-2022,Single Family Residential,18427 N 44TH Pl,Phoenix,AZ,85032,529000.0,4.0,2.5,COLLEGE POINT LOT 1-65 TR A-C,1748.0,3914.0,1988.0,,303.0,45.0,Sold,,,https://www.redfin.com/AZ/Phoenix/18427-N-44th-Pl-85032/home/27726342,ARMLS,6355572.0,N,Y,33.6543612,-111.985538
PAST SALE,May-31-2022,Single Family Residential,3401 E LE Marche Ave,Phoenix,AZ,85032,405000.0,3.0,2.0,VILLA ADDANTE LOT 1-25,1410.0,5893.0,1992.0,,287.0,,Sold,,,https://www.redfin.com/AZ/Phoenix/3401-E-Le-Marche-Ave-85032/home/27718600,ARMLS,6400907.0,N,Y,33.632422,-112.0088732
PAST SALE,,Condo/Co-op,16402 N 31st St #233,Phoenix,AZ,85032,116000.0,,2.0,,934.0,,1988.0,,124.0,,,,,https://www.redfin.com/AZ/Phoenix/16402-N-31st-St-85032/unit-233/home/28029343,,,N,Y,33.6356759,-112.016276
PAST SALE,,Single Family Residential,2749 E Larkspur Dr,Phoenix,AZ,85032,380000.0,,2.0,,1458.0,7072.0,1970.0,,261.0,,,,,https://www.redfin.com/AZ/Phoenix/2749-E-Larkspur-Dr-85032/home/27858078,,,N,Y,33.5989858,-112.0220437
PAST SALE,May-25-2022,Single Family Residential,4530 E VISTA Dr,Phoenix,AZ,85032,852000.0,4.0,2.5,TATUM CANYON 2 AMD LOT 64-91,2612.0,9016.0,1988.0,,326.0,16.0,Sold,,,https://www.redfin.com/AZ/Phoenix/4530-E-Vista-Dr-85032/home/27564397,ARMLS,6386472.0,N,Y,33.6218276,-111.9825705
PAST SALE,,Single Family Residential,14001 N 37th St,Phoenix,AZ,85032,518000.0,,2.0,,1568.0,7176.0,1970.0,,330.0,,,,,https://www.redfin.com/AZ/Phoenix/14001-N-37th-St-85032/home/27896478,,,N,Y,33.6142674,-112.0011777
PAST SALE,,Condo/Co-op,18416 N Cave Creek Rd #1069,Phoenix,AZ,85032,200000.0,,2.0,,996.0,,2005.0,,201.0,,,,,https://www.redfin.com/AZ/Phoenix/18416-N-Cave-Creek-Rd-85032/unit-1069/home/27549970,,,N,Y,33.6535317,-112.0314753
PAST SALE,,Single Family Residential,3538 E Edna Ave,Phoenix,AZ,85032,471600.0,,3.0,,1322.0,5691.0,1992.0,,357.0,,,,,https://www.redfin.com/AZ/Phoenix/3538-E-Edna-Ave-85032/home/27494830,,,N,Y,33.6372746,-112.0058099
PAST SALE,,Single Family Residential,3902 E Surrey Ave,Phoenix,AZ,85032,410000.0,,2.0,,1064.0,6442.0,1973.0,,385.0,,,,,https://www.redfin.com/AZ/Phoenix/3902-E-Surrey-Ave-85032/home/27550744,,,N,Y,33.6059447,-111.997472
PAST SALE,July-25-2023,Single Family Residential,2756 E Dahlia Dr,Phoenix,AZ,85032,380000.0,3.0,2.0,CLEARVIEW 6,1380.0,11710.0,1972.0,,275.0,,Sold,,,https://www.redfin.com/AZ/Phoenix/2756-E-Dahlia-Dr-85032/home/27517027,ARMLS,6582861.0,N,Y,33.6036218,-112.0226027
PAST SALE,September-20-2021,Single Family Residential,17811 N 41st Pl,Phoenix,AZ,85032,445000.0,3.0,2.0,GROVERS SUBDIVISION,1559.0,6771.0,2001.0,,285.0,,Sold,,,https://www.redfin.com/AZ/Phoenix/17811-N-41st-Pl-85032/home/27851273,ARMLS,6286511.0,N,Y,33.6484332,-111.9924556
PAST SALE,,Single Family Residential,4102 E Campo Bello Dr,Phoenix,AZ,85032,200000.0,,2.0,,1572.0,9511.0,1974.0,,127.0,,,,,https://www.redfin.com/AZ/Phoenix/4102-E-Campo-Bello-Dr-85032/home/28322202,,,N,Y,33.6459437,-111.9929337
PAST SALE,,Single Family Residential,2602 E Villa Rita Dr,Phoenix,AZ,85032,390000.0,,2.0,,1512.0,7124.0,1982.0,,258.0,,,,,https://www.redfin.com/AZ/Phoenix/2602-E-Villa-Rita-Dr-85032/home/27879720,,,N,Y,33.6507805,-112.0253972
PAST SALE,,Single Family Residential,2939 E Corrine Dr,Phoenix,AZ,85032,344000.0,,2.0,,1687.0,7613.0,1971.0,,204.0,,,,,https://www.redfin.com/AZ/Phoenix/2939-E-Corrine-Dr-85032/home/27630291,,,N,Y,33.601528,-112.0177783
PAST SALE,April-9-2021,Single Family Residential,3435 E PARADISE Ln,Phoenix,AZ,85032,325000.0,4.0,2.0,Paradise Pointe,1569.0,7166.0,1996.0,,207.0,,Sold,,,https://www.redfin.com/AZ/Phoenix/3435-E-Paradise-Ln-85032/home/28014188,ARMLS,6203357.0,N,Y,33.6332849,-112.0075767
PAST SALE,,Multi-Family (2-4 Unit),4021 E Desert Cactus St,Phoenix,AZ,85032,725000.0,,,,3735.0,12191.0,1983.0,,194.0,,,,,https://www.redfin.com/AZ/Phoenix/4021-E-Desert-Cactus-St-85032/home/27256595,,,N,Y,33.6512477,-111.9953124
PAST SALE,,Other,3010 E Charter Oak Rd,Phoenix,AZ,85032,250000.0,,,,,17154.0,,,,,,,,https://www.redfin.com/AZ/Phoenix/3010-E-Charter-Oak-Rd-85032/home/28178693,,,N,Y,33.5992687,-112.0167341
PAST SALE,April-29-2022,Single Family Residential,18025 N Villa Rita Dr,Phoenix,AZ,85032,400000.0,3.0,2.0,VILLA RITA 2,1428.0,6472.0,1974.0,,280.0,,Sold,,,https://www.redfin.com/AZ/Phoenix/18025-N-Villa-Rita-Dr-85032/home/26918644,ARMLS,6385347.0,N,Y,33.6503809,-111.98855
PAST SALE,September-3-2021,Single Family Residential,4611 E St John Rd,Phoenix,AZ,85032,445000.0,3.0,2.5,Tatum Lane 2,1605.0,4287.0,1993.0,,277.0,25.0,Sold,,,https://www.redfin.com/AZ/Phoenix/4611-E-Saint-John-Rd-85032/home/27295860,ARMLS,6263895.0,N,Y,33.6470462,-111.9812952
PAST SALE,,Single Family Residential,17819 N 35th St,Phoenix,AZ,85032,395000.0,,2.0,,1392.0,7152.0,1984.0,,284.0,,,,,https://www.redfin.com/AZ/Phoenix/17819-N-35th-St-85032/home/27059597,,,N,Y,33.6484685,-112.0038093
PAST SALE,April-18-2022,Condo/Co-op,12212 N PARADISE VILLAGE Pkwy S #414,Phoenix,AZ,85032,320000.0,1.0,1.0,ANASAZI VILLAGE CONDOMINIUMS,850.0,1031.0,1983.0,,376.0,390.0,Sold,,,https://www.redfin.com/AZ/Phoenix/12212-N-Paradise-Village-Pkwy-S-85032/unit-414/home/26888519,ARMLS,6382307.0,N,Y,33.5966348,-111.9871117
PAST SALE,February-24-2022,Condo/Co-op,12222 N PARADISE VILLAGE Pkwy S #313,Phoenix,AZ,85032,320000.0,1.0,1.0,ANASAZI VILLAGE CONDOMINIUMS,850.0,995.0,1983.0,,376.0,355.0,Sold,,,https://www.redfin.com/AZ/Phoenix/12222-N-Paradise-Village-Pkwy-S-85032/unit-313/home/27218805,ARMLS,6357861.0,N,Y,33.5984207,-111.9890593
PAST SALE,,Mobile/Manufactured Home,3446 E Grandview Rd,Phoenix,AZ,85032,285000.0,3.0,2.0,,2040.0,6257.0,2008.0,,140.0,,,,,https://www.redfin.com/AZ/Phoenix/3446-E-Grandview-Rd-85032/home/28318336,,,N,Y,33.6358376,-112.0073491
PAST SALE,October-1-2021,Mobile/Manufactured Home,16215 N 32ND Way,Phoenix,AZ,85032,225000.0,3.0,2.0,PALM LAKES VILLAGE 4,1603.0,6237.0,1973.0,,140.0,73.0,Sold,,,https://www.redfin.com/AZ/Phoenix/16215-N-32nd-Way-85032/home/27871746,ARMLS,6278347.0,N,Y,33.6341563,-112.0117971
PAST SALE,,Single Family Residential,3819 E Beck Ln,Phoenix,AZ,85032,330000.0,,2.0,,1945.0,15100.0,1980.0,,170.0,,,,,https://www.redfin.com/AZ/Phoenix/3819-E-Beck-Ln-85032/home/27343616,,,N,Y,33.6267375,-111.9994078
PAST SALE,March-29-2022,Single Family Residential,4436 E LE MARCHE Ave,Phoenix,AZ,85032,765000.0,4.0,2.0,GREENBRIER EAST UNIT 12,2573.0,9941.0,1986.0,,297.0,,Sold,,,https://www.redfin.com/AZ/Phoenix/4436-E-Le-Marche-Ave-85032/home/27243412,ARMLS,6371648.0,N,Y,33.6332121,-111.9848573
PAST SALE,September-27-2021,Multi-Family (2-4 Unit),3044 E Beck Ln,Phoenix,AZ,85032,650000.0,,,PARADISE PARK ESTATES LOT 11,,,1983.0,,,,Sold,,,https://www.redfin.com/AZ/Phoenix/3044-E-Beck-Ln-85032/home/28240649,ARMLS,6293641.0,N,Y,33.6278397,-112.0159703
PAST SALE,July-19-2023,Single Family Residential,2848 E Janice Way,Phoenix,AZ,85032,415000.0,5.0,2.0,CENTURY VISTA,1552.0,6153.0,1961.0,,267.0,,Sold,,,https://www.redfin.com/AZ/Phoenix/2848-E-Janice-Way-85032/home/27585329,ARMLS,6582314.0,N,Y,33.6246327,-112.0201108
PAST SALE,,Single Family Residential,3639 E Hearn Rd,Phoenix,AZ,85032,301200.0,,2.0,,1240.0,6007.0,1970.0,,243.0,,,,,https://www.redfin.com/AZ/Phoenix/3639-E-Hearn-Rd-85032/home/28354789,,,N,Y,33.6152004,-112.0025114
PAST SALE,November-19-2020,Single Family Residential,4241 E VILLA MARIA Cir,Phoenix,AZ,85032,238000.0,3.0,2.0,VILLA THERESA AMENDED,1540.0,10071.0,1973.0,,155.0,,Sold,,,https://www.redfin.com/AZ/Phoenix/4241-E-Villa-Maria-Cir-85032/home/27473425,ARMLS,6150438.0,N,Y,33.6521275,-111.9898652
PAST SALE,September-11-2020,Single Family Residential,3508 E NISBET Rd,Phoenix,AZ,85032,345000.0,3.0,1.75,PARADISE VALLEY OASIS 11,1115.0,6427.0,1979.0,,309.0,,Sold,,,https://www.redfin.com/AZ/Phoenix/3508-E-Nisbet-Rd-85032/home/27362917,ARMLS,6115286.0,N,Y,33.6229161,-112.0059387
PAST SALE,,Condo/Co-op,18239 N 40th St #141,Phoenix,AZ,85032,275000.0,,2.0,,1189.0,,1984.0,,231.0,,,,,https://www.redfin.com/AZ/Phoenix/18239-N-40th-St-85032/unit-141/home/28071653,,,N,Y,33.6524045,-111.9963676
PAST SALE,,Condo/Co-op,12212 N Paradise Village Pkwy S #210,Phoenix,AZ,85032,400000.0,,2.0,,1256.0,,1983.0,,318.0,,,,,https://www.redfin.com/AZ/Phoenix/12212-N-Paradise-Village-Pkwy-S-85032/unit-210/home/27959931,,,N,Y,33.5966348,-111.9871117
PAST SALE,November-30-2022,Condo/Co-op,12212 N PARADISE VILLAGE Pkwy #447,Phoenix,AZ,85032,370000.0,1.0,1.0,ANASAZI VILLAGE CONDOMINIUMS,850.0,1034.0,1984.0,,435.0,390.0,Sold,,,https://www.redfin.com/AZ/Phoenix/12212-N-Paradise-Village-Pkwy-S-85032/unit-447/home/28150597,ARMLS,6487224.0,N,Y,33.5966348,-111.9871117
PAST SALE,September-13-2021,Single Family Residential,4723 E PARADISE Ln,Phoenix,AZ,85032,625000.0,4.0,2.0,LONGMOOR ESTATES UNIT 2,1996.0,10253.0,1984.0,,313.0,,Sold,,,https://www.redfin.com/AZ/Phoenix/4723-E-Paradise-Ln-85032/home/27482443,ARMLS,6258238.0,N,Y,33.6331303,-111.9790307
PAST SALE,,Single Family Residential,3519 E Saint John Rd,Phoenix,AZ,85032,225000.0,,1.0,,1226.0,6332.0,1979.0,,184.0,,,,,https://www.redfin.com/AZ/Phoenix/3519-E-Saint-John-Rd-85032/home/27678354,,,N,Y,33.646297,-112.0050901
PAST SALE,,Single Family Residential,3632 E Karen Dr,Phoenix,AZ,85032,254363.0,,2.0,,1208.0,7271.0,1979.0,,211.0,,,,,https://www.redfin.com/AZ/Phoenix/3632-E-Karen-Dr-85032/home/28186403,,,N,Y,33.6256517,-112.0032271
PAST SALE,October-13-2021,Single Family Residential,3856 E Acoma Dr,Phoenix,AZ,85032,460000.0,3.0,1.75,BRITANY PLACE 1 LOT 1-106,1242.0,5037.0,1985.0,,370.0,,Sold,,,https://www.redfin.com/AZ/Phoenix/3856-E-Acoma-Dr-85032/home/27684665,ARMLS,6298475.0,N,Y,33.6193746,-111.996418
PAST SALE,,Single Family Residential,4038 E Sweetwater Ave,Phoenix,AZ,85032,450000.0,,2.0,,1569.0,8844.0,1976.0,,287.0,,,,,https://www.redfin.com/AZ/Phoenix/4038-E-Sweetwater-Ave-85032/home/27315911,,,N,Y,33.6046247,-111.9941214
PAST SALE,,Single Family Residential,4091 E Nisbet Rd,Phoenix,AZ,85032,,,2.0,,1564.0,13068.0,1965.0,,,,Sold,,,https://www.redfin.com/AZ/Phoenix/4091-E-Nisbet-Rd-85032/home/27027907,ARMLS,,N,Y,33.6224117,-111.9942844
PAST SALE,February-23-2022,Mobile/Manufactured Home,16429 N 34th Pl,Phoenix,AZ,85032,235000.0,2.0,2.0,Palm Lakes Village,1464.0,6278.0,1979.0,,161.0,74.0,Sold,,,https://www.redfin.com/AZ/Phoenix/16429-N-34th-Pl-85032/home/27240335,ARMLS,6344783.0,N,Y,33.6364026,-112.0084436
PAST SALE,July-21-2022,Single Family Residential,4717 E Willow Ave,Phoenix,AZ,85032,488000.0,3.0,2.0,ROADRUNNER ESTATES EAST 3,1917.0,8248.0,1978.0,,255.0,,Sold,,,https://www.redfin.com/AZ/Phoenix/4717-E-Willow-Ave-85032/home/26975484,ARMLS,6437737.0,N,Y,33.6074758,-111.9789143
PAST SALE,May-10-2022,Condo/Co-op,15402 N 28TH St #132,Phoenix,AZ,85032,250000.0,2.0,2.0,GARDEN CLUB CONDOMINIUMS,946.0,956.0,1984.0,,264.0,250.0,Sold,,,https://www.redfin.com/AZ/Phoenix/15402-N-28th-St-85032/unit-132/home/27527565,ARMLS,6378386.0,N,Y,33.6266026,-112.0222505
PAST SALE,,Condo/Co-op,15402 N 28th St #212,Phoenix,AZ,85032,165000.0,,2.0,,946.0,,1984.0,,174.0,,,,,https://www.redfin.com/AZ/Phoenix/15402-N-28th-St-85032/unit-212/home/27478713,,,N,Y,33.6266026,-112.0222505
PAST SALE,,Multi-Family (5+ Unit),16821 N 26th St,Phoenix,AZ,85032,2250000.0,,,,4410.0,29377.0,1980.0,,510.0,,,,,https://www.redfin.com/AZ/Phoenix/16821-N-26th-St-85032/home/27956874,,,N,Y,33.6394354,-112.0262821
PAST SALE,,Single Family Residential,4358 E Danbury Rd,Phoenix,AZ,85032,600000.0,,3.0,,2163.0,8016.0,1995.0,,277.0,,,,,https://www.redfin.com/AZ/Phoenix/4358-E-Danbury-Rd-85032/home/27822054,,,N,Y,33.6440794,-111.9867624
PAST SALE,,Single Family Residential,4249 E Rose Marie Ln,Phoenix,AZ,85032,286000.0,,3.0,,1932.0,9809.0,1973.0,,148.0,,,,,https://www.redfin.com/AZ/Phoenix/4249-E-Rose-Marie-Ln-85032/home/28184022,,,N,Y,33.6528293,-111.9894405
PAST SALE,,Single Family Residential,15247 N 36th St,Phoenix,AZ,85032,422000.0,,2.0,,1927.0,6687.0,1979.0,,219.0,,,,,https://www.redfin.com/AZ/Phoenix/15247-N-36th-St-85032/home/27374726,,,N,Y,33.6258564,-112.0044264
PAST SALE,,Single Family Residential,3601 E Karen Dr,Phoenix,AZ,85032,362635.0,,1.0,,1223.0,6452.0,1979.0,,297.0,,,,,https://www.redfin.com/AZ/Phoenix/3601-E-Karen-Dr-85032/home/27994997,,,N,Y,33.6252598,-112.004438
PAST SALE,May-31-2022,Townhouse,18048 N 25th Way,Phoenix,AZ,85032,390000.0,3.0,2.0,PEPPER RIDGE TOWNHOMES UNIT 1 LT 1-81 TR A-E,1433.0,3471.0,1985.0,,272.0,82.0,Sold,,,https://www.redfin.com/AZ/Phoenix/18048-N-25th-Way-85032/home/27986534,ARMLS,6385565.0,N,Y,33.6513048,-112.0288787
PAST SALE,March-4-2021,Single Family Residential,4546 E VILLA THERESA Dr,Phoenix,AZ,85032,411000.0,3.0,2.5,COLLEGE POINT 2 LOT 66-133 TR A-C,1748.0,3874.0,1990.0,,235.0,45.0,Sold,,,https://www.redfin.com/AZ/Phoenix/4546-E-Villa-Theresa-Dr-85032/home/27940397,ARMLS,6189788.0,N,Y,33.6549795,-111.9824548
PAST SALE,,Single Family Residential,4122 E Pershing Ave,Phoenix,AZ,85032,420000.0,,1.0,,1767.0,8460.0,1976.0,,238.0,,,,,https://www.redfin.com/AZ/Phoenix/4122-E-Pershing-Ave-85032/home/27979173,,,N,Y,33.6068575,-111.9925146
PAST SALE,July-18-2022,Mobile/Manufactured Home,16221 N 34TH Pl,Phoenix,AZ,85032,410000.0,2.0,2.0,PALM LAKES VILLAGE UNIT 3,1537.0,6236.0,1978.0,,267.0,74.0,Sold,,,https://www.redfin.com/AZ/Phoenix/16221-N-34th-Pl-85032/home/27642323,ARMLS,6412787.0,N,Y,33.6344073,-112.0084436
PAST SALE,,Multi-Family (2-4 Unit),2825 E Monte Cristo Ave,Phoenix,AZ,85032,550000.0,,,,3618.0,5989.0,1982.0,,152.0,,,,,https://www.redfin.com/AZ/Phoenix/2825-E-Monte-Cristo-Ave-85032/home/28162973,,,N,Y,33.6320054,-112.0208794
PAST SALE,,Townhouse,13829 N 42nd St,Phoenix,AZ,85032,245000.0,,3.0,,1280.0,1936.0,1985.0,,191.0,,,,,https://www.redfin.com/AZ/Phoenix/13829-N-42nd-St-85032/home/27110243,,,N,Y,33.6127515,-111.9911191
PAST SALE,,Single Family Residential,17226 N 32nd Pl,Phoenix,AZ,85032,400000.0,,2.0,,1468.0,7944.0,1979.0,,272.0,,,,,https://www.redfin.com/AZ/Phoenix/17226-N-32nd-Pl-85032/home/28372518,,,N,Y,33.6438641,-112.0131772
PAST SALE,,Mobile/Manufactured Home,2608 E Sandra Ter,Phoenix,AZ,85032,128000.0,,,,780.0,6191.0,1965.0,,164.0,,,,,https://www.redfin.com/AZ/Phoenix/2608-E-Sandra-Ter-85032/home/27271992,,,N,Y,33.6348149,-112.0260958
PAST SALE,January-13-2022,Single Family Residential,4321 E BETTY ELYSE Ln,Phoenix,AZ,85032,580000.0,3.0,2.0,SAGUARO RIDGE 3,1701.0,9617.0,1986.0,,341.0,,Sold,,,https://www.redfin.com/AZ/Phoenix/4321-E-Betty-Elyse-Ln-85032/home/27422003,ARMLS,6338607.0,N,Y,33.6273852,-111.9876706
PAST SALE,,Single Family Residential,3547 E Gelding Dr,Phoenix,AZ,85032,345000.0,,2.0,,1304.0,6145.0,1978.0,,265.0,,,,,https://www.redfin.com/AZ/Phoenix/3547-E-Gelding-Dr-85032/home/27778346,,,N,Y,33.617307,-112.0054923
PAST SALE,,Single Family Residential,17201 N Paradise Park Dr,Phoenix,AZ,85032,250000.0,,1.0,,1378.0,7327.0,1979.0,,181.0,,,,,https://www.redfin.com/AZ/Phoenix/17201-N-Paradise-Park-Dr-85032/home/27977964,,,N,Y,33.6424004,-112.0100505
PAST SALE,April-29-2021,Townhouse,2723 E Schiliro Cir,Phoenix,AZ,85032,320000.0,4.0,3.0,NINA VILLA SUBDIVISION,1657.0,2307.0,2003.0,,193.0,65.0,Sold,,,https://www.redfin.com/AZ/Phoenix/2723-E-Schiliro-Cir-85032/home/27908668,ARMLS,6210444.0,N,Y,33.641566,-112.0228821
PAST SALE,April-14-2021,Single Family Residential,2702 E HARTFORD Ave,Phoenix,AZ,85032,385000.0,3.0,2.0,BELCANTO,1573.0,4671.0,2002.0,,245.0,44.0,Sold,,,https://www.redfin.com/AZ/Phoenix/2702-E-Hartford-Ave-85032/home/27983634,ARMLS,6194431.0,N,Y,33.6429592,-112.024326
PAST SALE,,Single Family Residential,3831 E Nisbet Rd,Phoenix,AZ,85032,295000.0,,2.0,,1064.0,6736.0,1979.0,,277.0,,,,,https://www.redfin.com/AZ/Phoenix/3831-E-Nisbet-Rd-85032/home/27399491,,,N,Y,33.6225749,-111.9989886
PAST SALE,,Single Family Residential,4342 E Winchcomb Dr,Phoenix,AZ,85032,331250.0,,3.0,,1842.0,9915.0,1983.0,,180.0,,,,,https://www.redfin.com/AZ/Phoenix/4342-E-Winchcomb-Dr-85032/home/28006108,,,N,Y,33.6171966,-111.9878997
PAST SALE,,Single Family Residential,17844 N 26th St,Phoenix,AZ,85032,280000.0,,2.0,,1441.0,7701.0,1981.0,,194.0,,,,,https://www.redfin.com/AZ/Phoenix/17844-N-26th-St-85032/home/26948352,,,N,Y,33.6492749,-112.0265616
PAST SALE,October-29-2021,Single Family Residential,2533 E MICHIGAN Ave,Phoenix,AZ,85032,425000.0,3.0,2.0,Pepper Ridge,1460.0,9764.0,1982.0,,291.0,,Sold,,,https://www.redfin.com/AZ/Phoenix/2533-E-Michigan-Ave-85032/home/28219552,ARMLS,6300380.0,N,Y,33.6509807,-112.0263287
PAST SALE,May-14-2021,Condo/Co-op,18416 N CAVE CREEK Rd #1048,Phoenix,AZ,85032,200000.0,2.0,2.0,UNION HILLS CONDOMINIUM,936.0,855.0,2005.0,,214.0,210.0,Sold,,,https://www.redfin.com/AZ/Phoenix/18416-N-Cave-Creek-Rd-85032/unit-1048/home/27144542,ARMLS,6220536.0,N,Y,33.6535317,-112.0314753
PAST SALE,,Townhouse,2537 E Villa Theresa Dr,Phoenix,AZ,85032,370000.0,,3.0,,1433.0,3477.0,1985.0,,258.0,,,,,https://www.redfin.com/AZ/Phoenix/2537-E-Villa-Theresa-Dr-85032/home/28081952,,,N,Y,33.6543141,-112.0272835
PAST SALE,July-8-2021,Single Family Residential,3317 E WALTANN Ln,Phoenix,AZ,85032,325000.0,2.0,2.0,TIERRA COURT,974.0,4108.0,2001.0,,334.0,46.0,Sold,,,https://www.redfin.com/AZ/Phoenix/3317-E-Waltann-Ln-85032/home/28281599,ARMLS,6240448.0,N,Y,33.628408,-112.010378
PAST SALE,May-12-2022,Single Family Residential,4409 E Redfield Rd,Phoenix,AZ,85032,720000.0,3.0,2.0,HUNTERS VILLAGE,1882.0,10463.0,1979.0,,383.0,,Sold,,,https://www.redfin.com/AZ/Phoenix/4409-E-Redfield-Rd-85032/home/28195183,ARMLS,6384686.0,N,Y,33.6142586,-111.9860404
PAST SALE,December-13-2021,Single Family Residential,3302 E MARCONI Ave,Phoenix,AZ,85032,465000.0,3.0,2.0,PARADISE TRAILS LOT 1-49 TR A,1437.0,6252.0,1994.0,,324.0,,Sold,,,https://www.redfin.com/AZ/Phoenix/3302-E-Marconi-Ave-85032/home/27767292,ARMLS,6326567.0,N,Y,33.631529,-112.0110829
PAST SALE,May-26-2021,Single Family Residential,2625 E HILLERY Dr,Phoenix,AZ,85032,405000.0,3.0,2.0,PAPAGO 77,1450.0,8908.0,1981.0,,279.0,,Sold,,,https://www.redfin.com/AZ/Phoenix/2625-E-Hillery-Dr-85032/home/27912619,ARMLS,6230918.0,N,Y,33.621652,-112.0253506
PAST SALE,,Mobile/Manufactured Home,16434 N 33rd Pl,Phoenix,AZ,85032,110000.0,,,,1000.0,4931.0,1972.0,,110.0,,,,,https://www.redfin.com/AZ/Phoenix/16434-N-33rd-Pl-85032/home/27794840,,,N,Y,33.6365678,-112.0106792
PAST SALE,June-30-2023,Single Family Residential,3002 E Marilyn Rd,Phoenix,AZ,85032,555000.0,3.0,2.0,CIMARRON RIDGE UNIT 5,2232.0,15403.0,1979.0,,249.0,,Sold,,,https://www.redfin.com/AZ/Phoenix/3002-E-Marilyn-Rd-85032/home/27240735,ARMLS,6557370.0,N,Y,33.6211108,-112.0171067
PAST SALE,April-28-2023,Condo/Co-op,12212 N Paradise Village Pkwy S #307,Phoenix,AZ,85032,337000.0,1.0,1.0,ANASAZI VILLAGE CONDOMINIUMS,850.0,981.0,1983.0,,396.0,400.0,Sold,,,https://www.redfin.com/AZ/Phoenix/12212-N-Paradise-Village-Pkwy-S-85032/unit-307/home/28397037,ARMLS,6548831.0,N,Y,33.5966348,-111.9871117
PAST SALE,,Single Family Residential,3217 E Libby St,Phoenix,AZ,85032,430000.0,,3.0,,1306.0,6979.0,1983.0,,329.0,,,,,https://www.redfin.com/AZ/Phoenix/3217-E-Libby-St-85032/home/27567869,,,N,Y,33.6472873,-112.0122628
PAST SALE,,Single Family Residential,3027 E Libby St,Phoenix,AZ,85032,383800.0,,2.0,,1392.0,6849.0,1985.0,,276.0,,,,,https://www.redfin.com/AZ/Phoenix/3027-E-Libby-St-85032/home/28292382,,,N,Y,33.6488061,-112.0168442
PAST SALE,May-11-2022,Townhouse,4117 E CHARTER OAK Rd E,Phoenix,AZ,85032,418300.0,3.0,2.5,LAS HACIENDAS DE PARADISE VILLAGE 3 TRACTS A-P,1591.0,2020.0,1980.0,,263.0,280.0,Sold,,,https://www.redfin.com/AZ/Phoenix/4117-E-Charter-Oak-Rd-85032/home/28145200,ARMLS,6383011.0,N,Y,33.5985284,-111.9939703
PAST SALE,,Single Family Residential,4102 E Meadow Dr,Phoenix,AZ,85032,380000.0,,3.0,,1346.0,4400.0,1995.0,,282.0,,,,,https://www.redfin.com/AZ/Phoenix/4102-E-Meadow-Dr-85032/home/27996149,,,N,Y,33.64405,-111.9933664
PAST SALE,,Single Family Residential,12812 N 27th St,Phoenix,AZ,85032,297000.0,,1.0,,1551.0,6752.0,1972.0,,191.0,,,,,https://www.redfin.com/AZ/Phoenix/12812-N-27th-St-85032/home/27287467,,,N,Y,33.6033105,-112.0251643
PAST SALE,,Condo/Co-op,15402 N 28th St #108,Phoenix,AZ,85032,170000.0,,2.0,,946.0,,1984.0,,180.0,,,,,https://www.redfin.com/AZ/Phoenix/15402-N-28th-St-85032/unit-108/home/27327742,,,N,Y,33.6266026,-112.0222505
PAST SALE,,Single Family Residential,4526 E Campo Bello Dr,Phoenix,AZ,85032,885000.0,,3.0,,2357.0,6559.0,1992.0,,375.0,,,,,https://www.redfin.com/AZ/Phoenix/4526-E-Campo-Bello-Dr-85032/home/27943315,,,N,Y,33.6453653,-111.9825804
PAST SALE,July-27-2021,Single Family Residential,13829 N 34TH St,Phoenix,AZ,85032,345000.0,3.0,2.0,PARADISE VALLEY OASIS NO. 2-A WEST,1680.0,7107.0,1969.0,,205.0,,Sold,,,https://www.redfin.com/AZ/Phoenix/13829-N-34th-St-85032/home/27698518,ARMLS,6270392.0,N,Y,33.6128315,-112.0104464
PAST SALE,,Single Family Residential,14212 N 37th Way,Phoenix,AZ,85032,440500.0,,2.0,,1240.0,6746.0,1974.0,,355.0,,,,,https://www.redfin.com/AZ/Phoenix/14212-N-37th-Way-85032/home/27946926,,,N,Y,33.616003,-111.9997006
PAST SALE,,Single Family Residential,3507 E Greenway Ln,Phoenix,AZ,85032,412000.0,,2.0,,1114.0,6625.0,1979.0,,370.0,,,,,https://www.redfin.com/AZ/Phoenix/3507-E-Greenway-Ln-85032/home/27025513,,,N,Y,33.6245879,-112.0059141
PAST SALE,,Single Family Residential,3019 E Marilyn Rd,Phoenix,AZ,85032,425000.0,,3.0,,1859.0,10060.0,1979.0,,229.0,,,,,https://www.redfin.com/AZ/Phoenix/3019-E-Marilyn-Rd-85032/home/27365368,,,N,Y,33.6208322,-112.0165944
PAST SALE,,Other,14252 N 27th Pl,Phoenix,AZ,85032,285000.0,,,,,32581.0,,,,,,,,https://www.redfin.com/AZ/Phoenix/14252-N-27th-Pl-85032/home/56305471,,,N,Y,33.616889,-112.023112
PAST SALE,,Single Family Residential,3820 E Captain Dreyfus Ave,Phoenix,AZ,85032,420000.0,,2.0,,1719.0,7001.0,1973.0,,244.0,,,,,https://www.redfin.com/AZ/Phoenix/3820-E-Captain-Dreyfus-Ave-85032/home/28117078,,,N,Y,33.605297,-111.9983155
PAST SALE,August-25-2023,Single Family Residential,15039 N 24th Pl,Phoenix,AZ,85032,465000.0,3.0,2.5,PARADISE PLAZA SUB 2,1638.0,10003.0,1964.0,,284.0,,Sold,,,https://www.redfin.com/AZ/Phoenix/15039-N-24th-Pl-85032/home/27242877,ARMLS,6586715.0,N,Y,33.6246344,-112.0287507
PAST SALE,April-28-2023,Mobile/Manufactured Home,16239 N 32nd Way,Phoenix,AZ,85032,160000.0,2.0,2.0,PALM LAKES VILLAGE 4,897.0,5125.0,1974.0,,178.0,77.0,Sold,,,https://www.redfin.com/AZ/Phoenix/16239-N-32nd-Way-85032/home/28050423,ARMLS,6545143.0,N,Y,33.6349876,-112.0117971
PAST SALE,April-20-2023,Single Family Residential,14848 N 24th Pl,Phoenix,AZ,85032,347000.0,3.0,2.0,PARADISE PLAZA,1220.0,7370.0,1971.0,,284.0,,Sold,,,https://www.redfin.com/AZ/Phoenix/14848-N-24th-Pl-85032/home/27797316,ARMLS,6531958.0,N,Y,33.6220669,-112.029589
PAST SALE,,Single Family Residential,17801 N 35th Pl,Phoenix,AZ,85032,330000.0,,3.0,,1283.0,7414.0,1984.0,,257.0,,,,,https://www.redfin.com/AZ/Phoenix/17801-N-35th-Pl-85032/home/27933536,,,N,Y,33.6477907,-112.0029399
PAST SALE,,Single Family Residential,3615 E Sweetwater Ave,Phoenix,AZ,85032,317000.0,,2.0,,1298.0,6203.0,1979.0,,244.0,,,,,https://www.redfin.com/AZ/Phoenix/3615-E-Sweetwater-Ave-85032/home/27992609,,,N,Y,33.6041481,-112.0037127
PAST SALE,,Single Family Residential,3443 E Presidio Rd,Phoenix,AZ,85032,340000.0,,2.0,,1110.0,7236.0,1962.0,,306.0,,,,,https://www.redfin.com/AZ/Phoenix/3443-E-Presidio-Rd-85032/home/27924100,,,N,Y,33.6092309,-112.0072326
PAST SALE,July-14-2021,Single Family Residential,4021 E WINDROSE Dr,Phoenix,AZ,85032,415000.0,3.0,2.0,PARADISE VALLEY VILLAGE,1524.0,7044.0,1978.0,,272.0,,Sold,,,https://www.redfin.com/AZ/Phoenix/4021-E-Windrose-Dr-85032/home/26889441,ARMLS,6230568.0,N,Y,33.6022152,-111.9948899
PAST SALE,,Condo/Co-op,16021 N 30th St #111,Phoenix,AZ,85032,284900.0,,2.0,,1172.0,,2002.0,,243.0,,,,,https://www.redfin.com/AZ/Phoenix/16021-N-30th-St-85032/unit-111/home/27888797,,,N,Y,33.6323029,-112.0169437
PAST SALE,,Single Family Residential,14616 N 28th St,Phoenix,AZ,85032,600000.0,,4.0,,2979.0,11180.0,1999.0,,201.0,,,,,https://www.redfin.com/AZ/Phoenix/14616-N-28th-St-85032/home/28065436,,,N,Y,33.6197388,-112.0223465
PAST SALE,,Single Family Residential,18443 N 31st St,Phoenix,AZ,85032,330000.0,,3.0,,1612.0,6527.0,1993.0,,205.0,,,,,https://www.redfin.com/AZ/Phoenix/18443-N-31st-St-85032/home/27873745,,,N,Y,33.6546467,-112.0160981
PAST SALE,July-29-2021,Mobile/Manufactured Home,16236 N 33RD St,Phoenix,AZ,85032,205000.0,2.0,2.0,PALM LAKES VILLAGE 4,1441.0,4998.0,1982.0,,142.0,73.0,Sold,,,https://www.redfin.com/AZ/Phoenix/16236-N-33rd-St-85032/home/27632231,ARMLS,6254166.0,N,Y,33.6348493,-112.0114244
PAST SALE,,Mobile/Manufactured Home,2625 E Aire Libre Ave,Phoenix,AZ,85032,68500.0,,,,,7285.0,1964.0,,,,,,,https://www.redfin.com/AZ/Phoenix/2625-E-Aire-Libre-Ave-85032/home/28173073,,,N,Y,33.6367248,-112.0253273
PAST SALE,August-16-2021,Condo/Co-op,4050 E CACTUS Rd #216,Phoenix,AZ,85032,233000.0,2.0,2.0,LAS CASITAS 1 DE PARADISE VILLAGE AMD,1072.0,1062.0,1980.0,,217.0,230.0,Sold,,,https://www.redfin.com/AZ/Phoenix/4050-E-Cactus-Rd-85032/unit-216/home/28173737,ARMLS,6273172.0,N,Y,33.5975416,-111.9942611
PAST SALE,,Townhouse,2837 E Tracy Ln #16,Phoenix,AZ,85032,210000.0,,2.0,,960.0,1542.0,1984.0,,219.0,,,,,https://www.redfin.com/AZ/Phoenix/2837-E-Tracy-Ln-85032/unit-16/home/26875228,,,N,Y,33.629128,-112.0210584
PAST SALE,,Condo/Co-op,15402 N 28th St #223,Phoenix,AZ,85032,170000.0,,2.0,,946.0,,1984.0,,180.0,,,,,https://www.redfin.com/AZ/Phoenix/15402-N-28th-St-85032/unit-223/home/27627385,,,N,Y,33.6266026,-112.0222505
PAST SALE,,Single Family Residential,14408 N 37th St,Phoenix,AZ,85032,380000.0,,2.0,,1208.0,6543.0,1974.0,,315.0,,,,,https://www.redfin.com/AZ/Phoenix/14408-N-37th-St-85032/home/27953449,,,N,Y,33.6171396,-112.0032039
PAST SALE,June-17-2021,Single Family Residential,3820 E Carol Ann Way E,Phoenix,AZ,85032,375000.0,3.0,1.75,SILVERTREE 1,1608.0,5974.0,1985.0,,233.0,35.0,Sold,,,https://www.redfin.com/AZ/Phoenix/3820-E-Carol-Ann-Way-85032/home/27727314,ARMLS,6249272.0,N,Y,33.6294332,-111.9995314
PAST SALE,,Single Family Residential,17425 N 46th Pl,Phoenix,AZ,85032,387000.0,,3.0,,1881.0,4348.0,1992.0,,206.0,,,,,https://www.redfin.com/AZ/Phoenix/17425-N-46th-Pl-85032/home/28058464,,,N,Y,33.6451769,-111.9806336
PAST SALE,April-14-2021,Townhouse,4533 E MURIEL Dr,Phoenix,AZ,85032,412000.0,4.0,2.0,PARADISE NORTH LOT 1-142,1812.0,6854.0,1992.0,,227.0,,Sold,,,https://www.redfin.com/AZ/Phoenix/4533-E-Muriel-Dr-85032/home/28122656,ARMLS,6206288.0,N,Y,33.6456684,-111.9823715
PAST SALE,,Single Family Residential,2926 E Wagoner Rd,Phoenix,AZ,85032,458316.0,,2.0,,1116.0,6830.0,1985.0,,411.0,,,,,https://www.redfin.com/AZ/Phoenix/2926-E-Wagoner-Rd-85032/home/28136963,,,N,Y,33.6540516,-112.0190798
PAST SALE,June-22-2021,Mobile/Manufactured Home,3501 E GRANDVIEW Rd,Phoenix,AZ,85032,180000.0,2.0,1.0,PALM LAKES VILLAGE UNIT 2,961.0,6273.0,1973.0,,187.0,73.0,Sold,,,https://www.redfin.com/AZ/Phoenix/3501-E-Grandview-Rd-85032/home/28155501,ARMLS,6249908.0,N,Y,33.6354749,-112.0069532
PAST SALE,November-23-2022,Condo/Co-op,12212 N PARADISE VILLAGE Pkwy S #228,Phoenix,AZ,85032,320000.0,1.0,1.0,ANASAZI VILLAGE CONDOMINIUMS,850.0,951.0,1983.0,,376.0,400.0,Sold,,,https://www.redfin.com/AZ/Phoenix/12212-N-Paradise-Village-Pkwy-S-85032/unit-228/home/27975029,ARMLS,6491903.0,N,Y,33.5966348,-111.9871117
PAST SALE,December-4-2020,Condo/Co-op,4455 E PARADISE VILLAGE Pkwy #1032,Phoenix,AZ,85032,295000.0,2.0,2.0,VILLAS AT STONECREEK LUXURY CONDOMINIUMS,1234.0,570.0,2001.0,,239.0,257.0,Sold,,,https://www.redfin.com/AZ/Phoenix/4455-E-Paradise-Village-Pkwy-S-85032/unit-1032/home/28117402,ARMLS,6147583.0,N,Y,33.5957347,-111.9826876
PAST SALE,,Single Family Residential,3637 E Kings Ave,Phoenix,AZ,85032,320000.0,,2.0,,1040.0,8013.0,1980.0,,308.0,,,,,https://www.redfin.com/AZ/Phoenix/3637-E-Kings-Ave-85032/home/27828605,,,N,Y,33.6361869,-112.0034029
PAST SALE,February-28-2022,Single Family Residential,14612 N 25th St,Phoenix,AZ,85032,810000.0,5.0,3.0,PARADISE VISTA,2743.0,9978.0,1968.0,,295.0,,Sold,,,https://www.redfin.com/AZ/Phoenix/14612-N-25th-St-85032/home/27383138,ARMLS,6361272.0,N,Y,33.6193441,-112.0280287
PAST SALE,,Single Family Residential,3832 E Willow Ave,Phoenix,AZ,85032,345000.0,,2.0,,1432.0,6727.0,1972.0,,241.0,,,,,https://www.redfin.com/AZ/Phoenix/3832-E-Willow-Ave-85032/home/28130732,,,N,Y,33.6082828,-111.9983634
PAST SALE,May-12-2023,Townhouse,15610 N 29th St #3,Phoenix,AZ,85032,180000.0,2.0,1.0,SUNSET SHADOWS 3,780.0,1073.0,1984.0,,231.0,235.0,Sold,,,https://www.redfin.com/AZ/Phoenix/15610-N-29th-St-85032/unit-3/home/28283831,ARMLS,6542610.0,N,Y,33.6284785,-112.0201442
PAST SALE,,Condo/Co-op,4554 E Paradise Village Pkwy N #253,Phoenix,AZ,85032,128500.0,,1.0,,685.0,,1980.0,,188.0,,,,,https://www.redfin.com/AZ/Phoenix/4554-E-Paradise-Village-Pkwy-N-85032/unit-253/home/28126909,,,N,Y,33.6051968,-111.9840825
PAST SALE,May-10-2022,Single Family Residential,12218 N 36th Pl,Phoenix,AZ,85032,650000.0,3.0,1.75,ROADRUNNER ESTATES,1890.0,8188.0,1976.0,,344.0,,Sold,,,https://www.redfin.com/AZ/Phoenix/12218-N-36th-Pl-85032/home/27682899,ARMLS,6384064.0,N,Y,33.5978904,-112.00386
PAST SALE,,Single Family Residential,3633 E Crocus Dr,Phoenix,AZ,85032,403000.0,,2.0,,1434.0,7535.0,1974.0,,281.0,,,,,https://www.redfin.com/AZ/Phoenix/3633-E-Crocus-Dr-85032/home/27763825,,,N,Y,33.6159029,-112.0031027
PAST SALE,,Single Family Residential,14830 N 44th St,Phoenix,AZ,85032,379000.0,,3.0,,1552.0,8180.0,1987.0,,244.0,,,,,https://www.redfin.com/AZ/Phoenix/14830-N-44th-St-85032/home/28264879,,,N,Y,33.6218878,-111.9868862
PAST SALE,,Mobile/Manufactured Home,2701 E Beverly Ln,Phoenix,AZ,85032,70000.0,,,,720.0,5999.0,1970.0,,97.0,,,,,https://www.redfin.com/AZ/Phoenix/2701-E-Beverly-Ln-85032/home/27908153,,,N,Y,33.6336922,-112.0240931
PAST SALE,,Single Family Residential,4225 E Desert Cactus St,Phoenix,AZ,85032,170000.0,,4.0,,3084.0,14725.0,1978.0,,55.0,,,,,https://www.redfin.com/AZ/Phoenix/4225-E-Desert-Cactus-St-85032/home/28049127,,,N,Y,33.651396,-111.9907134
PAST SALE,July-19-2021,Single Family Residential,18217 N 31ST St,Phoenix,AZ,85032,360000.0,3.0,2.5,PARADISE PARC SIDE,1425.0,4008.0,1986.0,,253.0,11.0,Sold,,,https://www.redfin.com/AZ/Phoenix/18217-N-31st-St-85032/home/27458969,ARMLS,6242280.0,N,Y,33.6524535,-112.0154993
PAST SALE,,Condo/Co-op,18202 N Cave Creek Rd #241,Phoenix,AZ,85032,96000.0,,1.0,,608.0,,1983.0,,158.0,,,,,https://www.redfin.com/AZ/Phoenix/18202-N-Cave-Creek-Rd-85032/unit-241/home/27620691,,,N,Y,33.651523,-112.031854
PAST SALE,,Single Family Residential,4202 E Everett Dr,Phoenix,AZ,85032,550000.0,,3.0,,1499.0,11387.0,1984.0,,367.0,,,,,https://www.redfin.com/AZ/Phoenix/4202-E-Everett-Dr-85032/home/28262131,,,N,Y,33.6202011,-111.9908611
PAST SALE,,Single Family Residential,2547 E Corrine Dr,Phoenix,AZ,85032,430000.0,,2.0,,1700.0,8674.0,1972.0,,253.0,,,,,https://www.redfin.com/AZ/Phoenix/2547-E-Corrine-Dr-85032/home/28040865,,,N,Y,33.6005049,-112.0266082
PAST SALE,September-20-2022,Single Family Residential,3306 E ANGELA Dr,Phoenix,AZ,85032,385000.0,2.0,2.0,PARQUE VISTA ESTATES UNIT 6,1036.0,6758.0,1980.0,,372.0,,Sold,,,https://www.redfin.com/AZ/Phoenix/3306-E-Angela-Dr-85032/home/27400347,ARMLS,6451967.0,N,Y,33.6460252,-112.0113025
PAST SALE,,Single Family Residential,2726 E Bluefield Ave,Phoenix,AZ,85032,280000.0,,1.0,,992.0,7409.0,1984.0,,282.0,,,,,https://www.redfin.com/AZ/Phoenix/2726-E-Bluefield-Ave-85032/home/26884603,,,N,Y,33.6540043,-112.0234876
PAST SALE,,Single Family Residential,4526 E Paradise Ln,Phoenix,AZ,85032,565000.0,,2.0,,1887.0,11448.0,1980.0,,299.0,,,,,https://www.redfin.com/AZ/Phoenix/4526-E-Paradise-Ln-85032/home/28113001,,,N,Y,33.6338919,-111.9835863
PAST SALE,February-3-2023,Single Family Residential,3330 E Gelding Dr,Phoenix,AZ,85032,290000.0,3.0,2.0,PARADISE VALLEY,1344.0,7060.0,1978.0,,216.0,,Sold,,,https://www.redfin.com/AZ/Phoenix/3330-E-Gelding-Dr-85032/home/27512867,ARMLS,6516054.0,N,Y,33.6176755,-112.0104209
PAST SALE,,Single Family Residential,3417 E Blanche Dr,Phoenix,AZ,85032,1566000.0,,1.0,,1568.0,6295.0,1979.0,,999.0,,,,,https://www.redfin.com/AZ/Phoenix/3417-E-Blanche-Dr-85032/home/27881855,,,N,Y,33.623165,-112.0070313
PAST SALE,,Single Family Residential,3848 E Grandview Rd,Phoenix,AZ,85032,427500.0,,4.0,,2292.0,6145.0,1995.0,,187.0,,,,,https://www.redfin.com/AZ/Phoenix/3848-E-Grandview-Rd-85032/home/27776378,,,N,Y,33.6357747,-111.9985111
PAST SALE,,Condo/Co-op,12212 N Paradise Village Pkwy S #334,Phoenix,AZ,85032,299000.0,,2.0,,850.0,,1983.0,,352.0,,,,,https://www.redfin.com/AZ/Phoenix/12212-N-Paradise-Village-Pkwy-S-85032/unit-334/home/27251518,,,N,Y,33.5966348,-111.9871117
PAST SALE,September-17-2020,Single Family Residential,4270 E PHELPS Rd E,Phoenix,AZ,85032,820000.0,4.0,3.5,PARADISE RANCHITOS PLAT 2 LOTS 12-19,3262.0,15956.0,2020.0,,251.0,,Sold,,,https://www.redfin.com/AZ/Phoenix/4270-E-Phelps-Rd-85032/home/167637003,ARMLS,6103152.0,N,Y,33.6386537,-111.989557
PAST SALE,,Single Family Residential,3490 E Presidio Rd,Phoenix,AZ,85032,450000.0,,2.0,,1480.0,8287.0,1968.0,,304.0,,,,,https://www.redfin.com/AZ/Phoenix/3490-E-Presidio-Rd-85032/home/27468238,,,N,Y,33.6103991,-112.005649
PAST SALE,January-28-2022,Single Family Residential,2511 E LARKSPUR Dr,Phoenix,AZ,85032,290000.0,2.0,1.0,CACTUS GARDENS 5,1000.0,6039.0,1969.0,,290.0,,Sold,,,https://www.redfin.com/AZ/Phoenix/2511-E-Larkspur-Dr-85032/home/27990536,ARMLS,6339392.0,N,Y,33.6000799,-112.0277726
PAST SALE,,Single Family Residential,14043 N 41st St,Phoenix,AZ,85032,300500.0,,2.0,,1064.0,9309.0,1975.0,,282.0,,,,,https://www.redfin.com/AZ/Phoenix/14043-N-41st-St-85032/home/28030394,,,N,Y,33.6155533,-111.9929337
PAST SALE,February-4-2021,Townhouse,2824 E Tracy Ln #1,Phoenix,AZ,85032,246970.0,3.0,2.5,PARADISE MOUNTAIN SHADOWS LOT 1-59 TR A-F,2171.0,1240.0,2019.0,,114.0,159.0,Sold,,,https://www.redfin.com/AZ/Phoenix/2824-E-Tracy-Ln-85032/unit-1/home/28337776,ARMLS,5997481.0,N,Y,33.6298519,-112.0219506
PAST SALE,June-17-2022,Single Family Residential,4364 E Anderson Dr,Phoenix,AZ,85032,725000.0,4.0,2.5,HEIGHTS AT BEL ESPRIT,2231.0,5563.0,1994.0,,325.0,32.0,Sold,,,https://www.redfin.com/AZ/Phoenix/4364-E-Anderson-Dr-85032/home/27874542,ARMLS,6394245.0,N,Y,33.6416914,-111.9870198
PAST SALE,,Other,14242 N 26th Pl,Phoenix,AZ,85032,465000.0,,,,,50035.0,,,,,,,,https://www.redfin.com/AZ/Phoenix/14242-N-26th-Pl-85032/home/27656427,,,N,Y,33.616739,-112.025742
PAST SALE,,Single Family Residential,4417 E Sharon Dr,Phoenix,AZ,85032,535000.0,4.0,3.0,,2012.0,11849.0,1977.0,,266.0,,,,,https://www.redfin.com/AZ/Phoenix/4417-E-Sharon-Dr-85032/home/27838086,,,N,Y,33.6109095,-111.9857144
PAST SALE,April-8-2022,Single Family Residential,4116 E Coolbrook Ave,Phoenix,AZ,85032,520000.0,3.0,2.0,LANE AT BEL ESPRIT,1346.0,4200.0,1994.0,,386.0,32.0,Sold,,,https://www.redfin.com/AZ/Phoenix/4116-E-Coolbrook-Ave-85032/home/28129191,ARMLS,6368765.0,N,Y,33.6433278,-111.9927552
PAST SALE,,Single Family Residential,14006 N 36th Way,Phoenix,AZ,85032,225000.0,,2.0,,1550.0,6911.0,1970.0,,145.0,,,,,https://www.redfin.com/AZ/Phoenix/14006-N-36th-Way-85032/home/27455973,,,N,Y,33.614623,-112.00236
PAST SALE,,Condo/Co-op,18042 N 41st St Unit A,Phoenix,AZ,85032,270000.0,,2.0,,1381.0,,1997.0,,196.0,,,,,https://www.redfin.com/AZ/Phoenix/18042-N-41st-St-85032/unit-A/home/27883606,,,N,Y,33.6513037,-111.9943625
PAST SALE,December-1-2021,Single Family Residential,2937 E MICHIGAN Ave,Phoenix,AZ,85032,362500.0,3.0,2.0,PEPPER RIDGE UNIT EIGHT,1502.0,7217.0,1985.0,,241.0,,Sold,,,https://www.redfin.com/AZ/Phoenix/2937-E-Michigan-Ave-85032/home/27826248,ARMLS,6326842.0,N,Y,33.651803,-112.0184316
PAST SALE,April-29-2022,Single Family Residential,2801 E VOLTAIRE Ave,Phoenix,AZ,85032,625000.0,3.0,2.0,VIEW PARADISE,1527.0,11375.0,1979.0,,409.0,,Sold,,,https://www.redfin.com/AZ/Phoenix/2801-E-Voltaire-Ave-85032/home/27896970,ARMLS,6372892.0,N,Y,33.6112047,-112.0212252
PAST SALE,,Townhouse,13830 N 42nd St,Phoenix,AZ,85032,352200.0,,3.0,,1216.0,2092.0,1985.0,,290.0,,,,,https://www.redfin.com/AZ/Phoenix/13830-N-42nd-St-85032/home/26922214,,,N,Y,33.6129205,-111.9914593
PAST SALE,,Condo/Co-op,18044 N 25th Way,Phoenix,AZ,85032,225000.0,,2.0,,1099.0,,1985.0,,205.0,,,,,https://www.redfin.com/AZ/Phoenix/18044-N-25th-Way-85032/home/27966225,,,N,Y,33.651126,-112.029037
PAST SALE,September-8-2020,Single Family Residential,13643 N 37th Pl,Phoenix,AZ,85032,270000.0,4.0,1.75,PARADISE VALLEY OASIS NO 4,1600.0,6739.0,1971.0,,169.0,,Sold,,,https://www.redfin.com/AZ/Phoenix/13643-N-37th-Pl-85032/home/27991867,ARMLS,6110963.0,N,Y,33.6117303,-112.0013886
PAST SALE,March-31-2022,Condo/Co-op,12212 N PARADISE VILLAGE Pkwy S #406,Phoenix,AZ,85032,285000.0,1.0,1.0,ANASAZI VILLAGE CONDOMINIUMS,850.0,961.0,1983.0,,335.0,355.0,Sold,,,https://www.redfin.com/AZ/Phoenix/12212-N-Paradise-Village-Pkwy-S-85032/unit-406/home/27026766,ARMLS,6368916.0,N,Y,33.5966348,-111.9871117
PAST SALE,October-7-2020,Single Family Residential,2515 E KAREN Dr,Phoenix,AZ,85032,300000.0,4.0,2.0,PARADISE PLAZA SUB 2,1392.0,7507.0,1963.0,,216.0,,Sold,,,https://www.redfin.com/AZ/Phoenix/2515-E-Karen-Dr-85032/home/27441789,ARMLS,6134331.0,N,Y,33.6255738,-112.027726
PAST SALE,March-11-2022,Single Family Residential,3041 E MICHIGAN Ave,Phoenix,AZ,85032,395000.0,3.0,2.0,PARADISE PARC SIDE,1153.0,5943.0,1987.0,,343.0,11.0,Sold,,,https://www.redfin.com/AZ/Phoenix/3041-E-Michigan-Ave-85032/home/27608247,ARMLS,6351838.0,N,Y,33.6516348,-112.0162337
PAST SALE,,Multi-Family (2-4 Unit),2726 E Beck Ln,Phoenix,AZ,85032,600000.0,,,,3660.0,12708.0,1985.0,,164.0,,,,,https://www.redfin.com/AZ/Phoenix/2726-E-Beck-Ln-85032/home/27993732,,,N,Y,33.6279095,-112.0232165
PAST SALE,,Multi-Family (2-4 Unit),2425 E Waltann Ln,Phoenix,AZ,85032,250000.0,,,,3300.0,10379.0,1982.0,,76.0,,,,,https://www.redfin.com/AZ/Phoenix/2425-E-Waltann-Ln-85032/home/27880415,,,N,Y,33.6281863,-112.0295424
PAST SALE,May-16-2022,Single Family Residential,3454 E CHARLESTON Ave,Phoenix,AZ,85032,420000.0,3.0,2.0,PARQUE VISTA ESTATES UNIT 8,1392.0,11172.0,1983.0,,302.0,,Sold,,,https://www.redfin.com/AZ/Phoenix/3454-E-Charleston-Ave-85032/home/27892323,ARMLS,6389180.0,N,Y,33.6495353,-112.0055559
PAST SALE,February-15-2022,Condo/Co-op,12222 N PARADISE VILLAGE Pkwy S #311,Phoenix,AZ,85032,299000.0,1.0,1.0,ANASAZI VILLAGE CONDOMINIUMS,850.0,1004.0,1983.0,,352.0,355.0,Sold,,,https://www.redfin.com/AZ/Phoenix/12222-N-Paradise-Village-Pkwy-S-85032/unit-311/home/27218806,ARMLS,6345685.0,N,Y,33.5984207,-111.9890593
PAST SALE,March-17-2022,Single Family Residential,4610 E SANDRA Ter,Phoenix,AZ,85032,550000.0,3.0,2.0,SUMMIT RIDGE,1679.0,9940.0,1980.0,,328.0,,Sold,,,https://www.redfin.com/AZ/Phoenix/4610-E-Sandra-Ter-85032/home/27246898,ARMLS,6359367.0,N,Y,33.6352371,-111.9818951
PAST SALE,December-6-2021,Condo/Co-op,4303 E Cactus Rd #430,Phoenix,AZ,85032,390000.0,2.0,2.0,ANASAZI VILLAGE CONDOMINIUMS,1256.0,1424.0,1983.0,,311.0,355.0,Sold,,,https://www.redfin.com/AZ/Phoenix/4303-E-Cactus-Rd-85032/unit-430/home/27539099,ARMLS,6318034.0,N,Y,33.5978918,-111.9891843
PAST SALE,,Multi-Family (2-4 Unit),2826 E Monte Cristo Ave,Phoenix,AZ,85032,400000.0,,,,3618.0,5539.0,1982.0,,111.0,,,,,https://www.redfin.com/AZ/Phoenix/2826-E-Monte-Cristo-Ave-85032/home/28145707,,,N,Y,33.6323848,-112.020934
PAST SALE,April-28-2021,Single Family Residential,3812 E DAHLIA Dr,Phoenix,AZ,85032,295000.0,2.0,1.0,PLEASANT VALLEY ESTATES 2,1316.0,6239.0,1978.0,,224.0,,Sold,,,https://www.redfin.com/AZ/Phoenix/3812-E-Dahlia-Dr-85032/home/28307894,ARMLS,6210511.0,N,Y,33.6039166,-111.9997106
PAST SALE,,Single Family Residential,3101 E Bremen St,Phoenix,AZ,85032,336000.0,,2.0,,1570.0,9156.0,1987.0,,214.0,,,,,https://www.redfin.com/AZ/Phoenix/3101-E-Bremen-St-85032/home/27878334,,,N,Y,33.6482055,-112.0156299
PAST SALE,,Condo/Co-op,3001 E Grandview Rd #8,Phoenix,AZ,85032,185000.0,,3.0,,546.0,,1986.0,,339.0,,,,,https://www.redfin.com/AZ/Phoenix/3001-E-Grandview-Rd-85032/unit-8/home/27648821,,,N,Y,33.6350688,-112.0176338
PAST SALE,April-15-2022,Single Family Residential,4349 E EVANS Dr,Phoenix,AZ,85032,720000.0,3.0,2.0,COVEY,1501.0,11177.0,1983.0,,480.0,,Sold,,,https://www.redfin.com/AZ/Phoenix/4349-E-Evans-Dr-85032/home/27382896,ARMLS,6369843.0,N,Y,33.6181123,-111.9877871
PAST SALE,May-31-2023,Townhouse,17420 N 30th St,Phoenix,AZ,85032,500000.0,2.0,2.0,CAMPOBELLO,2497.0,12197.0,1987.0,,200.0,,Sold,,,https://www.redfin.com/AZ/Phoenix/17420-N-30th-St-85032/home/185494683,ARMLS,6559692.0,N,Y,33.6449845,-112.0185617
PAST SALE,,Single Family Residential,4111 E Acoma Dr,Phoenix,AZ,85032,390000.0,,3.0,,1968.0,8265.0,1976.0,,198.0,,,,,https://www.redfin.com/AZ/Phoenix/4111-E-Acoma-Dr-85032/home/28298134,,,N,Y,33.6188761,-111.9933995
PAST SALE,,Condo/Co-op,12222 N Paradise Village Pkwy S #427,Phoenix,AZ,85032,200000.0,,2.0,,850.0,,1983.0,,235.0,,,,,https://www.redfin.com/AZ/Phoenix/12222-N-Paradise-Village-Pkwy-S-85032/unit-427/home/28110140,,,N,Y,33.5984207,-111.9890593
PAST SALE,,Single Family Residential,13420 N 35th Pl,Phoenix,AZ,85032,300000.0,,2.0,,1325.0,6942.0,1961.0,,226.0,,,,,https://www.redfin.com/AZ/Phoenix/13420-N-35th-Pl-85032/home/27544007,,,N,Y,33.608831,-112.0062545
PAST SALE,,Single Family Residential,3121 E Hillery Dr,Phoenix,AZ,85032,385000.0,,2.0,,2150.0,16223.0,1978.0,,179.0,,,,,https://www.redfin.com/AZ/Phoenix/3121-E-Hillery-Dr-85032/home/28287894,,,N,Y,33.6214519,-112.0145477
PAST SALE,,Multi-Family (2-4 Unit),2701 E Tierra Buena Ln #3,Phoenix,AZ,85032,620000.0,8.0,8.0,,775.0,11025.0,1987.0,,800.0,,,,,https://www.redfin.com/AZ/Phoenix/2701-E-Tierra-Buena-Ln-85032/unit-3/home/28020420,,,N,Y,33.6300023,-112.0239301
PAST SALE,June-30-2022,Single Family Residential,14835 N 42nd Pl,Phoenix,AZ,85032,695000.0,4.0,2.0,PARADISE LANE LOT 1-61 TR A,2274.0,12282.0,1992.0,,306.0,,Sold,,,https://www.redfin.com/AZ/Phoenix/14835-N-42nd-Pl-85032/unit-P1/home/27736537,ARMLS,6409760.0,N,Y,33.6219959,-111.9902825
PAST SALE,,Multi-Family (2-4 Unit),2434 E Waltann Ln,Phoenix,AZ,85032,190000.0,,,,3300.0,9569.0,1982.0,,58.0,,,,,https://www.redfin.com/AZ/Phoenix/2434-E-Waltann-Ln-85032/home/27952742,,,N,Y,33.6288291,-112.0292164
PAST SALE,April-29-2022,Single Family Residential,3950 E JOAN DE ARC Ave,Phoenix,AZ,85032,435000.0,3.0,2.0,PARADISE VALLEY OASIS 5,1320.0,7389.0,1971.0,,330.0,,Sold,,,https://www.redfin.com/AZ/Phoenix/3950-E-Joan-de-Arc-Ave-85032/home/26974754,ARMLS,6375823.0,N,Y,33.6096355,-111.9962021
PAST SALE,,Condo/Co-op,16634 N 33rd St #101,Phoenix,AZ,85032,270000.0,,2.0,,1174.0,,1985.0,,230.0,,,,,https://www.redfin.com/AZ/Phoenix/16634-N-33rd-St-85032/unit-101/home/28367868,,,N,Y,33.6378814,-112.0123025
PAST SALE,November-9-2021,Condo/Co-op,18416 N Cave Creek Rd #1049,Phoenix,AZ,85032,250000.0,2.0,2.0,UNION HILLS CONDOMINIUM,996.0,956.0,2005.0,,251.0,235.0,Sold,,,https://www.redfin.com/AZ/Phoenix/18416-N-Cave-Creek-Rd-85032/unit-1049/home/27635102,ARMLS,6292685.0,N,Y,33.6535317,-112.0314753
PAST SALE,,Single Family Residential,15021 N 46th St,Phoenix,AZ,85032,855000.0,,4.0,,2828.0,15430.0,1983.0,,302.0,,,,,https://www.redfin.com/AZ/Phoenix/15021-N-46th-St-85032/home/28205760,,,N,Y,33.6233169,-111.9813828
PAST SALE,,Single Family Residential,13019 N 36th St,Phoenix,AZ,85032,177500.0,,2.0,,1064.0,6633.0,1972.0,,167.0,,,,,https://www.redfin.com/AZ/Phoenix/13019-N-36th-St-85032/home/27870070,,,N,Y,33.6050818,-112.0042997
PAST SALE,September-15-2022,Townhouse,13802 N 42ND St,Phoenix,AZ,85032,425000.0,3.0,2.0,VINTAGE REPLAT,1216.0,2349.0,1985.0,,350.0,205.0,Sold,,,https://www.redfin.com/AZ/Phoenix/13802-N-42nd-St-85032/home/27432353,ARMLS,6451010.0,N,Y,33.6123012,-111.9914934
PAST SALE,,Multi-Family (2-4 Unit),2620 E Marconi Ave,Phoenix,AZ,85032,287000.0,,,,2356.0,8068.0,2006.0,,122.0,,,,,https://www.redfin.com/AZ/Phoenix/2620-E-Marconi-Ave-85032/home/28255297,,,N,Y,33.6313184,-112.0256767
PAST SALE,,Townhouse,2834 E Beck Ln #2,Phoenix,AZ,85032,210000.0,,2.0,,870.0,668.0,1983.0,,241.0,,,,,https://www.redfin.com/AZ/Phoenix/2834-E-Beck-Ln-85032/unit-2/home/28277507,,,N,Y,33.627958,-112.021122
PAST SALE,,Single Family Residential,3333 E Thunderbird Rd,Phoenix,AZ,85032,350000.0,,2.0,,1945.0,9317.0,1962.0,,180.0,,,,,https://www.redfin.com/AZ/Phoenix/3333-E-Thunderbird-Rd-85032/home/27103773,,,N,Y,33.6112561,-112.0107453
PAST SALE,October-7-2021,Single Family Residential,3513 E Montreal Pl,Phoenix,AZ,85032,295000.0,2.0,3.0,BEACON PLACE LT 1-52 TR A-I,1099.0,2052.0,1985.0,,268.0,140.0,Sold,,,https://www.redfin.com/AZ/Phoenix/3513-E-Montreal-Pl-85032/home/27359671,ARMLS,6279644.0,N,Y,33.6330784,-112.0065071
PAST SALE,December-1-2020,Mobile/Manufactured Home,16202 N 33RD St,Phoenix,AZ,85032,185000.0,2.0,2.0,PALM LAKES VILLAGE 4,1591.0,6232.0,1982.0,,116.0,73.0,Sold,,,https://www.redfin.com/AZ/Phoenix/16202-N-33rd-St-85032/home/27440323,ARMLS,6151173.0,N,Y,33.6337027,-112.0113313
PAST SALE,February-11-2022,Multi-Family (2-4 Unit),3046 E Marconi Ave #101,Phoenix,AZ,85032,1500000.0,,,CONTINENTAL PLAZA UNIT 2 LOTS 6-12,,,1984.0,,,,Sold,,,https://www.redfin.com/AZ/Phoenix/3046-E-Marconi-Ave-85032/unit-101/home/185868755,ARMLS,6354771.0,N,Y,33.6315137,-112.0158259
PAST SALE,June-18-2021,Condo/Co-op,18416 N CAVE CREEK Rd #1013,Phoenix,AZ,85032,219900.0,2.0,2.0,UNION HILLS CONDOMINIUM,936.0,855.0,2005.0,,235.0,210.0,Sold,,,https://www.redfin.com/AZ/Phoenix/18416-N-Cave-Creek-Rd-85032/unit-1013/home/28197373,ARMLS,6232809.0,N,Y,33.6535317,-112.0314753
PAST SALE,,Single Family Residential,4609 E Sandra Ter,Phoenix,AZ,85032,355000.0,,2.0,,2117.0,9884.0,1980.0,,168.0,,,,,https://www.redfin.com/AZ/Phoenix/4609-E-Sandra-Ter-85032/home/27788456,,,N,Y,33.6348328,-111.9819043
PAST SALE,,Single Family Residential,2709 E Sylvia St,Phoenix,AZ,85032,81000.0,,2.0,,1850.0,7242.0,1971.0,,44.0,,,,,https://www.redfin.com/AZ/Phoenix/2709-E-Sylvia-St-85032/home/28170382,,,N,Y,33.5982798,-112.0240465
PAST SALE,,Single Family Residential,4408 E SHEENA Dr,Phoenix,AZ,85032,,,3.0,,1655.0,10217.0,1979.0,,,,Sold,,,https://www.redfin.com/AZ/Phoenix/4408-E-Sheena-Dr-85032/home/27367900,ARMLS,,N,Y,33.6139374,-111.9860524
PAST SALE,,Single Family Residential,3519 E Sutton Dr,Phoenix,AZ,85032,135000.0,,4.0,,1986.0,9612.0,1960.0,,68.0,,,,,https://www.redfin.com/AZ/Phoenix/3519-E-Sutton-Dr-85032/home/27536887,,,N,Y,33.6089382,-112.0057781
PAST SALE,November-30-2020,Multi-Family (2-4 Unit),2445 E Waltann Ln,Phoenix,AZ,85032,426000.0,,,Greenley Place,,,1984.0,,,,Sold,,,https://www.redfin.com/AZ/Phoenix/2445-E-Waltann-Ln-85032/home/28158749,ARMLS,6159668.0,N,Y,33.628218,-112.0287041
PAST SALE,September-29-2020,Mobile/Manufactured Home,16242 N 27TH St,Phoenix,AZ,85032,86000.0,2.0,2.0,BELL PARK 5 REPLATTED,840.0,6020.0,1965.0,,102.0,,Sold,,,https://www.redfin.com/AZ/Phoenix/16242-N-27th-St-85032/home/27300825,ARMLS,6096294.0,N,Y,33.6346444,-112.0245588
PAST SALE,November-25-2020,Single Family Residential,3313 E PERSHING Ave,Phoenix,AZ,85032,265000.0,3.0,2.0,CHOLLA PARK 2,1450.0,7800.0,1969.0,,183.0,,Sold,,,https://www.redfin.com/AZ/Phoenix/3313-E-Pershing-Ave-85032/home/26975019,ARMLS,6160973.0,N,Y,33.6062601,-112.0106792
PAST SALE,December-17-2020,Mobile/Manufactured Home,3441 E KINGS Ave,Phoenix,AZ,85032,162000.0,2.0,2.0,PALM LAKES VILLAGE UNIT 2,1249.0,6254.0,1974.0,,130.0,72.0,Sold,,,https://www.redfin.com/AZ/Phoenix/3441-E-Kings-Ave-85032/home/28169007,ARMLS,6163577.0,N,Y,33.636119,-112.0075121
PAST SALE,April-4-2022,Single Family Residential,4634 E CAMPO BELLO Dr,Phoenix,AZ,85032,585000.0,4.0,2.5,TATUM LANE LOT 1-147 TR A-E,1880.0,4173.0,1992.0,,311.0,25.0,Sold,,,https://www.redfin.com/AZ/Phoenix/4634-E-Campo-Bello-Dr-85032/home/28208181,ARMLS,6356077.0,N,Y,33.6459781,-111.9804139
PAST SALE,February-19-2021,Single Family Residential,4055 E HEARN Rd,Phoenix,AZ,85032,326000.0,2.0,2.0,PARADISE VALLEY OASIS,1164.0,8403.0,1975.0,,280.0,,Sold,,,https://www.redfin.com/AZ/Phoenix/4055-E-Hearn-Rd-85032/home/27805782,ARMLS,6185795.0,N,Y,33.6153592,-111.9936045
PAST SALE,February-25-2022,Condo/Co-op,12212 N PARADISE VILLAGE Pkwy #129,Phoenix,AZ,85032,330000.0,1.0,1.0,ANASAZI VILLAGE CONDOMINIUMS,850.0,957.0,1983.0,,388.0,355.0,Sold,,,https://www.redfin.com/AZ/Phoenix/12212-N-Paradise-Village-Pkwy-S-85032/unit-129/home/27728982,ARMLS,6348962.0,N,Y,33.5966348,-111.9871117
PAST SALE,September-25-2020,Townhouse,13837 N 42ND St,Phoenix,AZ,85032,300000.0,2.0,2.0,VINTAGE REPLAT,1280.0,1715.0,1985.0,,234.0,180.0,Sold,,,https://www.redfin.com/AZ/Phoenix/13837-N-42nd-St-85032/home/27028894,ARMLS,6107158.0,N,Y,33.6129355,-111.9911294
PAST SALE,August-24-2023,Single Family Residential,3017 E Nisbet Rd,Phoenix,AZ,85032,665000.0,4.0,2.0,CIMARRON RIDGE UNIT 1,2204.0,9844.0,1977.0,,302.0,,Sold,,,https://www.redfin.com/AZ/Phoenix/3017-E-Nisbet-Rd-85032/home/27036463,ARMLS,6585669.0,N,Y,33.6223251,-112.0170601
PAST SALE,May-26-2021,Condo/Co-op,18202 N CAVE CREEK Rd #118,Phoenix,AZ,85032,100000.0,2.0,2.0,MOUNTAIN SPRINGS TERR CONDO REPLAT VARIOUS UNITS,836.0,785.0,1983.0,,120.0,22.0,Sold,,,https://www.redfin.com/AZ/Phoenix/18202-N-Cave-Creek-Rd-85032/unit-118/home/27136627,ARMLS,6231182.0,N,Y,33.652053,-112.031781
PAST SALE,August-9-2023,Condo/Co-op,16402 N 31st St #205,Phoenix,AZ,85032,205000.0,2.0,2.0,VILLA CAPRI CONDOMINIUM AMD 2,934.0,105.0,1985.0,,219.0,250.0,Sold,,,https://www.redfin.com/AZ/Phoenix/16402-N-31st-St-85032/unit-205/home/28271418,ARMLS,6577748.0,N,Y,33.6356759,-112.016276
PAST SALE,January-5-2022,Single Family Residential,4393 E Hartford Ave,Phoenix,AZ,85032,480000.0,3.0,2.0,BELMONT,1432.0,4542.0,1995.0,,335.0,26.0,Sold,,,https://www.redfin.com/AZ/Phoenix/4393-E-Hartford-Ave-85032/home/27524207,ARMLS,6330682.0,N,Y,33.6444823,-111.9862733
PAST SALE,April-8-2022,Single Family Residential,3402 E Carol Ann Way,Phoenix,AZ,85032,600000.0,3.0,2.0,BELLA TERRA,2012.0,17970.0,1981.0,,298.0,,Sold,,,https://www.redfin.com/AZ/Phoenix/3402-E-Carol-Ann-Way-85032/home/27921151,ARMLS,6368329.0,N,Y,33.6296907,-112.0087696
PAST SALE,March-7-2022,Single Family Residential,2730 E LARKSPUR Dr,Phoenix,AZ,85032,600000.0,3.0,1.75,CLEARVIEW 4,1551.0,8184.0,1971.0,,387.0,,Sold,,,https://www.redfin.com/AZ/Phoenix/2730-E-Larkspur-Dr-85032/home/27885996,ARMLS,6353223.0,N,Y,33.5995331,-112.0228729
PAST SALE,June-15-2022,Condo/Co-op,4444 E PARADISE VILLAGE Pkwy N #109,Phoenix,AZ,85032,290000.0,2.0,2.0,PARADISE PARK CONDOMINIUMS PHASE 1,1000.0,973.0,1980.0,,290.0,283.0,Sold,,,https://www.redfin.com/AZ/Phoenix/4444-E-Paradise-Village-Pkwy-N-85032/unit-109/home/27376150,ARMLS,6395895.0,N,Y,33.6052582,-111.9843292
PAST SALE,June-30-2021,Condo/Co-op,12212 N PARADISE VILLAGE Pkwy #329,Phoenix,AZ,85032,265000.0,1.0,1.0,ANASAZI VILLAGE CONDOMINIUMS,850.0,957.0,1983.0,,312.0,355.0,Sold,,,https://www.redfin.com/AZ/Phoenix/12212-N-Paradise-Village-Pkwy-S-85032/unit-329/home/27506473,ARMLS,6256890.0,N,Y,33.5966348,-111.9871117
PAST SALE,January-11-2022,Condo/Co-op,17365 N CAVE CREEK Rd #133,Phoenix,AZ,85032,286000.0,2.0,2.5,TRE CAMPANA CONDOMINIUM,1186.0,1169.0,2006.0,,241.0,169.0,Sold,,,https://www.redfin.com/AZ/Phoenix/17365-N-Cave-Creek-Rd-85032/unit-133/home/28390123,ARMLS,6330020.0,N,Y,33.6437926,-112.0297938
PAST SALE,November-24-2021,Single Family Residential,4534 E GROVERS Ave,Phoenix,AZ,85032,500000.0,3.0,2.0,IMAGES 2 LOT 119-166,1498.0,6930.0,1991.0,,334.0,20.0,Sold,,,https://www.redfin.com/AZ/Phoenix/4534-E-Grovers-Ave-85032/home/26874572,ARMLS,6312623.0,N,Y,33.6481864,-111.9831416
PAST SALE,April-20-2021,Single Family Residential,3643 E BEVERLY Ln,Phoenix,AZ,85032,430000.0,4.0,2.5,MONTCLAIR TERRACE 2,1850.0,8901.0,1974.0,,232.0,,Sold,,,https://www.redfin.com/AZ/Phoenix/3643-E-Beverly-Ln-85032/home/27954363,ARMLS,6207691.0,N,Y,33.633994,-112.0028545
PAST SALE,July-20-2023,Single Family Residential,3530 E Acoma Dr,Phoenix,AZ,85032,510000.0,3.0,2.0,Paradise Valley Oasis,1380.0,6319.0,1978.0,,370.0,,Sold,,,https://www.redfin.com/AZ/Phoenix/3530-E-Acoma-Dr-85032/home/27714554,ARMLS,6572497.0,N,Y,33.6192809,-112.0051064
PAST SALE,February-8-2023,Single Family Residential,13236 N 42nd St,Phoenix,AZ,85032,380000.0,4.0,2.0,PARADISE VALLEY OASIS NO. 9,952.0,8147.0,1977.0,,399.0,,Sold,,,https://www.redfin.com/AZ/Phoenix/13236-N-42nd-St-85032/home/27532926,ARMLS,6506370.0,N,Y,33.6077032,-111.9917693
PAST SALE,October-7-2020,Single Family Residential,4332 E ACOMA Dr,Phoenix,AZ,85032,450000.0,3.0,2.0,COVEY UNIT 8,1546.0,9459.0,1983.0,,291.0,,Sold,,,https://www.redfin.com/AZ/Phoenix/4332-E-Acoma-Dr-85032/home/27244881,ARMLS,6124242.0,N,Y,33.6192868,-111.9886254
PAST SALE,August-5-2022,Single Family Residential,14029 N 29th St,Phoenix,AZ,85032,749999.0,5.0,3.0,28th Street and Thunderbird,2808.0,8258.0,1991.0,,267.0,15.0,Sold,,,https://www.redfin.com/AZ/Phoenix/14029-N-29th-St-85032/home/27919350,ARMLS,6421838.0,N,Y,33.6144303,-112.019725
PAST SALE,December-23-2021,Townhouse,3212 E Kelton Ln #101,Phoenix,AZ,85032,325000.0,2.0,2.0,Dream Creek,1174.0,1234.0,1986.0,,277.0,187.0,Sold,,,https://www.redfin.com/AZ/Phoenix/3212-E-Kelton-Ln-85032/unit-101/home/109060963,ARMLS,6324603.0,N,Y,33.6378489,-112.0129961
PAST SALE,May-4-2022,Single Family Residential,4440 E NISBET Rd,Phoenix,AZ,85032,745000.0,3.0,2.0,COVEY UNIT,2206.0,11071.0,1987.0,,338.0,,Sold,,,https://www.redfin.com/AZ/Phoenix/4440-E-Nisbet-Rd-85032/home/27744208,ARMLS,6381654.0,N,Y,33.6224336,-111.9847235
PAST SALE,February-17-2022,Single Family Residential,4748 E REDFIELD Rd,Phoenix,AZ,85032,1160000.0,5.0,3.0,HUNTERS VILLAGE UNIT 2,3330.0,10122.0,1988.0,,348.0,,Sold,,,https://www.redfin.com/AZ/Phoenix/4748-E-Redfield-Rd-85032/home/27536694,ARMLS,6350245.0,N,Y,33.6150318,-111.9784854
PAST SALE,August-30-2021,Single Family Residential,15207 N 28TH Pl,Phoenix,AZ,85032,435500.0,3.0,2.0,SOMBRA DE MONTOYA,1558.0,4134.0,2000.0,,280.0,90.0,Sold,,,https://www.redfin.com/AZ/Phoenix/15207-N-28th-Pl-85032/home/28065715,ARMLS,6264642.0,N,Y,33.6248287,-112.0212591
PAST SALE,February-11-2022,Single Family Residential,3102 E Wethersfield Rd,Phoenix,AZ,85032,600000.0,3.0,2.0,CHARTER OAK PARK,1920.0,17424.0,1971.0,,313.0,,Sold,,,https://www.redfin.com/AZ/Phoenix/3102-E-Wethersfield-Rd-85032/home/26974307,ARMLS,6345014.0,N,Y,33.5982592,-112.0150108
PAST SALE,October-19-2021,Single Family Residential,4605 E Grovers Ave,Phoenix,AZ,85032,480003.0,3.0,2.0,Tatum Lane 2,1300.0,4605.0,1993.0,,369.0,26.0,Sold,,,https://www.redfin.com/AZ/Phoenix/4605-E-Grovers-Ave-85032/home/27651362,ARMLS,6296413.0,N,Y,33.6477217,-111.9814342
PAST SALE,April-6-2022,Single Family Residential,18242 N 29TH St,Phoenix,AZ,85032,540000.0,3.0,2.0,M&B,1380.0,14056.0,1989.0,,391.0,,Sold,,,https://www.redfin.com/AZ/Phoenix/18242-N-29th-St-85032/home/40606115,ARMLS,6361374.0,N,Y,33.6526005,-112.0203204
PAST SALE,,Single Family Residential,13426 N 42nd St,Phoenix,AZ,85032,340000.0,,1.0,,840.0,8547.0,1977.0,,405.0,,,,,https://www.redfin.com/AZ/Phoenix/13426-N-42nd-St-85032/home/28027931,,,N,Y,33.6089923,-111.9917693
PAST SALE,November-16-2020,Single Family Residential,4243 E HARTFORD Ave,Phoenix,AZ,85032,379900.0,3.0,2.0,BELMONT,1322.0,4399.0,1994.0,,287.0,23.0,Sold,,,https://www.redfin.com/AZ/Phoenix/4243-E-Hartford-Ave-85032/home/28218117,ARMLS,6144984.0,N,Y,33.6444836,-111.9895641
PAST SALE,August-21-2023,Single Family Residential,4218 E Evans Dr,Phoenix,AZ,85032,675000.0,3.0,2.0,MAYFLOWER TERRACE,1627.0,9465.0,1980.0,,415.0,,Sold,,,https://www.redfin.com/AZ/Phoenix/4218-E-Evans-Dr-85032/home/27545642,ARMLS,6587370.0,N,Y,33.6185388,-111.9908017
PAST SALE,September-18-2020,Condo/Co-op,18202 N CAVE CREEK Rd #244,Phoenix,AZ,85032,73500.0,2.0,2.0,MOUNTAIN SPRINGS TERRACE CONDOMINIUM,836.0,80.0,1983.0,,88.0,266.0,Sold,,,https://www.redfin.com/AZ/Phoenix/18202-N-Cave-Creek-Rd-85032/unit-244/home/28245641,ARMLS,6126477.0,N,Y,33.651521,-112.032064
PAST SALE,September-15-2021,Townhouse,17365 N Cave Creek Rd #216,Phoenix,AZ,85032,275000.0,2.0,2.0,TRE CAMPANA CONDOMINIUM,1158.0,1726.0,2006.0,,237.0,169.0,Sold,,,https://www.redfin.com/AZ/Phoenix/17365-N-Cave-Creek-Rd-85032/unit-216/home/28185335,ARMLS,6285589.0,N,Y,33.6437926,-112.0297938
PAST SALE,June-16-2021,Single Family Residential,4326 E HARTFORD Ave,Phoenix,AZ,85032,430000.0,3.0,2.0,BELMONT,1401.0,4408.0,1994.0,,307.0,23.0,Sold,,,https://www.redfin.com/AZ/Phoenix/4326-E-Hartford-Ave-85032/home/26904400,ARMLS,6238649.0,N,Y,33.6448813,-111.9888415
PAST SALE,September-17-2021,Townhouse,18250 N 32nd St #1011,Phoenix,AZ,85032,280000.0,2.0,3.0,TRE COLLINA CONDOMINIUM AMD,1230.0,1185.0,2005.0,,228.0,72.0,Sold,,,https://www.redfin.com/AZ/Phoenix/18250-N-32nd-St-85032/unit-1011/home/28088398,ARMLS,6275215.0,N,Y,33.6527242,-112.0147132
PAST SALE,April-21-2022,Single Family Residential,4125 E Captain Dreyfus Ave,Phoenix,AZ,85032,525000.0,3.0,3.0,PARADISE VALLEY OASIS NO. 9,1796.0,8730.0,1976.0,,292.0,,Sold,,,https://www.redfin.com/AZ/Phoenix/4125-E-Captain-Dreyfus-Ave-85032/home/27774760,ARMLS,6367173.0,N,Y,33.6049551,-111.9922351
PAST SALE,December-15-2020,Single Family Residential,4341 E BETTY ELYSE Ln,Phoenix,AZ,85032,490000.0,4.0,2.0,SAGUARO RIDGE 3,2147.0,13752.0,1985.0,,228.0,,Sold,,,https://www.redfin.com/AZ/Phoenix/4341-E-Betty-Elyse-Ln-85032/home/27243502,ARMLS,6158133.0,N,Y,33.6273749,-111.9868322
PAST SALE,October-8-2020,Townhouse,18250 N CAVE CREEK Rd #108,Phoenix,AZ,85032,223500.0,2.0,2.5,KENSINGTON PLACE CONDOMINIUM,1440.0,687.0,2005.0,,155.0,210.0,Sold,,,https://www.redfin.com/AZ/Phoenix/18250-N-Cave-Creek-Rd-85032/unit-108/home/27352249,ARMLS,6126131.0,N,Y,33.652918,-112.0313123
PAST SALE,,Single Family Residential,4638 E Beck Ln,Phoenix,AZ,85032,425000.0,,4.0,,2020.0,2652.0,2015.0,,210.0,,,,,https://www.redfin.com/AZ/Phoenix/4638-E-Beck-Ln-85032/home/95459583,,,N,Y,33.6275863,-111.9806485
PAST SALE,,Townhouse,13822 N 43rd St,Phoenix,AZ,85032,317686.0,,3.0,,1185.0,2502.0,1984.0,,268.0,,,,,https://www.redfin.com/AZ/Phoenix/13822-N-43rd-St-85032/home/26915002,,,N,Y,33.6126361,-111.990025
PAST SALE,,Single Family Residential,2721 E Sweetwater Ave,Phoenix,AZ,85032,265000.0,,2.0,,1215.0,6607.0,1972.0,,218.0,,,,,https://www.redfin.com/AZ/Phoenix/2721-E-Sweetwater-Ave-85032/home/28216011,,,N,Y,33.6039192,-112.0239068
PAST SALE,November-11-2021,Single Family Residential,14616 N 38TH St,Phoenix,AZ,85032,395000.0,3.0,2.0,PARADISE VALLEY MANOR 3-B,1119.0,6722.0,1974.0,,353.0,,Sold,,,https://www.redfin.com/AZ/Phoenix/14616-N-38th-St-85032/home/26999219,ARMLS,6309739.0,N,Y,33.619674,-112.0005192
PAST SALE,September-16-2021,Single Family Residential,2926 E REDFIELD Rd,Phoenix,AZ,85032,575000.0,3.0,2.0,28TH STREET AND THUNDERBIRD ROAD LOT 1-146 TR A-F,2253.0,10423.0,1990.0,,255.0,25.0,Sold,,,https://www.redfin.com/AZ/Phoenix/2926-E-Redfield-Rd-85032/home/27469186,ARMLS,6284087.0,N,Y,33.6149768,-112.0188999
PAST SALE,February-1-2023,Mobile/Manufactured Home,16443 N 33rd St,Phoenix,AZ,85032,235000.0,2.0,2.0,PALM LAKES VILLAGE UNIT 1,1417.0,7509.0,1973.0,,166.0,78.0,Sold,,,https://www.redfin.com/AZ/Phoenix/16443-N-33rd-St-85032/home/27528181,ARMLS,6509346.0,N,Y,33.6368724,-112.0110518
PAST SALE,January-10-2022,Condo/Co-op,4303 E CACTUS Rd #138,Phoenix,AZ,85032,272500.0,1.0,1.0,ANASAZI VILLAGE CONDOMINIUMS,850.0,983.0,1983.0,,321.0,355.0,Sold,,,https://www.redfin.com/AZ/Phoenix/4303-E-Cactus-Rd-85032/unit-138/home/28318635,ARMLS,6331918.0,N,Y,33.5978918,-111.9891843
PAST SALE,January-14-2021,Single Family Residential,3931 E SURREY Ave,Phoenix,AZ,85032,295000.0,3.0,2.0,PARADISE VALLEY OASIS NO. 6 AMD LOTS 827 THRU 1252,1064.0,6290.0,1973.0,,277.0,,Sold,,,https://www.redfin.com/AZ/Phoenix/3931-E-Surrey-Ave-85032/home/27853774,ARMLS,6175288.0,N,Y,33.6056139,-111.99637
PAST SALE,March-24-2021,Single Family Residential,3001 E WINCHCOMB Dr,Phoenix,AZ,85032,750000.0,4.0,3.0,CIMARRON MANOR,3569.0,12230.0,1998.0,,210.0,,Sold,,,https://www.redfin.com/AZ/Phoenix/3001-E-Winchcomb-Dr-85032/home/26894244,ARMLS,6183844.0,N,Y,33.6158372,-112.017431
PAST SALE,February-12-2021,Condo/Co-op,4704 E Paradise Village Pkwy #142,Phoenix,AZ,85032,248000.0,2.0,2.0,THE TAOS / PARADISE POINT CONDOMINIUM,1038.0,1063.0,1984.0,,239.0,287.0,Sold,,,https://www.redfin.com/AZ/Phoenix/4704-E-Paradise-Village-Pkwy-N-85032/unit-142/home/27311002,ARMLS,6175932.0,N,Y,33.6054163,-111.9795896
PAST SALE,November-18-2021,Multi-Family (2-4 Unit),2725 E Tierra Buena Ln E,Phoenix,AZ,85032,632000.0,8.0,8.0,Sandras Villas,,12000.0,1987.0,,,,Sold,,,https://www.redfin.com/AZ/Phoenix/2725-E-Tierra-Buena-Ln-85032/home/27058537,ARMLS,6299155.0,N,Y,33.6300678,-112.0230218
PAST SALE,January-26-2021,Condo/Co-op,16635 N 32ND Pl #101,Phoenix,AZ,85032,232000.0,2.0,1.5,"DREAM CREEK PHASE 4, 5 & 6 UNIT 31-42, 87-112",1174.0,1333.0,1985.0,,198.0,182.0,Sold,,,https://www.redfin.com/AZ/Phoenix/16635-N-32nd-Pl-85032/unit-101/home/26994136,ARMLS,6173838.0,N,Y,33.6378824,-112.0124725
PAST SALE,April-8-2022,Townhouse,2831 E Waltann Ln #1,Phoenix,AZ,85032,240000.0,2.0,1.5,Sunset Shadows,870.0,598.0,1983.0,,276.0,214.0,Sold,,,https://www.redfin.com/AZ/Phoenix/2831-E-Waltann-Ln-85032/unit-1/home/28273855,ARMLS,6370891.0,N,Y,33.628291,-112.0212175
PAST SALE,January-4-2021,Single Family Residential,13446 N 36TH Pl,Phoenix,AZ,85032,305000.0,3.0,2.5,PARADISE VALLEY OASIS NO 4,1064.0,6843.0,1971.0,,287.0,,Sold,,,https://www.redfin.com/AZ/Phoenix/13446-N-36th-Pl-85032/home/27770346,ARMLS,6166264.0,N,Y,33.6097599,-112.0039805
PAST SALE,April-19-2022,Single Family Residential,12808 N 38TH Pl,Phoenix,AZ,85032,602000.0,3.0,2.0,PLEASANT VALLEY ESTATES 2,1646.0,6593.0,1979.0,,366.0,,Sold,,,https://www.redfin.com/AZ/Phoenix/12808-N-38th-Pl-85032/home/27258265,ARMLS,6374290.0,N,Y,33.6024518,-111.9987558
PAST SALE,October-19-2021,Single Family Residential,14250 N 37TH Way,Phoenix,AZ,85032,470000.0,3.0,2.0,PARADISE VALLEY OASIS NO. 7 LOT 1360,1520.0,6647.0,1974.0,,309.0,,Sold,,,https://www.redfin.com/AZ/Phoenix/14250-N-37th-Way-85032/home/28247026,ARMLS,6298818.0,N,Y,33.6173221,-111.9997339
PAST SALE,September-17-2020,Single Family Residential,16612 N 28th Pl,Phoenix,AZ,85032,245000.0,3.0,2.0,BELL PARK 3,1611.0,7419.0,2009.0,,152.0,,Sold,,,https://www.redfin.com/AZ/Phoenix/16612-N-28th-Pl-85032/home/27816081,ARMLS,6111673.0,N,Y,33.6376171,-112.0219992
PAST SALE,,Condo/Co-op,18212 N 41st St #101,Phoenix,AZ,85032,145000.0,,1.0,,816.0,,1983.0,,178.0,,,,,https://www.redfin.com/AZ/Phoenix/18212-N-41st-St-85032/unit-101/home/27275083,,,N,Y,33.652166,-111.9943805
PAST SALE,,Single Family Residential,4428 E Willow Ave,Phoenix,AZ,85032,575000.0,,2.0,,1768.0,9034.0,1978.0,,325.0,,,,,https://www.redfin.com/AZ/Phoenix/4428-E-Willow-Ave-85032/home/27757769,,,N,Y,33.6083193,-111.9851191
PAST SALE,April-5-2022,Single Family Residential,14837 N 37TH St,Phoenix,AZ,85032,459000.0,4.0,1.75,PARADISE VALLEY MANOR NO. 3,1424.0,7347.0,1970.0,,322.0,,Sold,,,https://www.redfin.com/AZ/Phoenix/14837-N-37th-St-85032/home/27005282,ARMLS,6372151.0,N,Y,33.6222462,-112.0027613
PAST SALE,,Condo/Co-op,15818 N 25th St #122,Phoenix,AZ,85032,175000.0,,2.0,,1355.0,,2006.0,,129.0,,,,,https://www.redfin.com/AZ/Phoenix/15818-N-25th-St-85032/unit-122/home/27131786,,,N,Y,33.6304434,-112.0290301
PAST SALE,April-28-2022,Single Family Residential,3122 E CHARLESTON Ave,Phoenix,AZ,85032,452500.0,3.0,2.0,PARQUE VISTA ESTATES UNIT 10,1402.0,6592.0,1986.0,,323.0,,Sold,,,https://www.redfin.com/AZ/Phoenix/3122-E-Charleston-Ave-85032/home/27658525,ARMLS,6363463.0,N,Y,33.649986,-112.0148411
PAST SALE,February-8-2021,Single Family Residential,2637 E MARILYN Rd,Phoenix,AZ,85032,375000.0,3.0,2.0,PAPAGO 77,1594.0,8355.0,1980.0,,235.0,,Sold,,,https://www.redfin.com/AZ/Phoenix/2637-E-Marilyn-Rd-85032/home/27873441,ARMLS,6179059.0,N,Y,33.6201592,-112.0248849
PAST SALE,February-3-2022,Single Family Residential,12821 N 31ST St,Phoenix,AZ,85032,430000.0,3.0,2.0,PARADISE VALLEY WEST NO. 4,1545.0,7725.0,1972.0,,278.0,,Sold,,,https://www.redfin.com/AZ/Phoenix/12821-N-31st-St-85032/home/27400718,ARMLS,6345613.0,N,Y,33.6034259,-112.0147313
PAST SALE,July-27-2023,Single Family Residential,3315 E Angela Dr,Phoenix,AZ,85032,488000.0,3.0,2.0,PARQUE VISTA ESTATES UNIT 6,1307.0,7111.0,1981.0,,373.0,,Sold,,,https://www.redfin.com/AZ/Phoenix/3315-E-Angela-Dr-85032/home/27945205,ARMLS,6578078.0,N,Y,33.6458351,-112.0109121
PAST SALE,December-1-2021,Townhouse,4455 E Paradise Village Pkwy S #1088,Phoenix,AZ,85032,375000.0,2.0,2.0,VILLAS AT STONECREEK LUXURY CONDOMINIUMS,1214.0,555.0,2001.0,,309.0,277.0,Sold,,,https://www.redfin.com/AZ/Phoenix/4455-E-Paradise-Village-Pkwy-S-85032/unit-1088/home/27850485,ARMLS,6314635.0,N,Y,33.5957347,-111.9826876
PAST SALE,July-20-2021,Single Family Residential,3053 E ROVEEN Ave,Phoenix,AZ,85032,519000.0,4.0,2.5,SWEETWATER COVE,2160.0,5150.0,1999.0,,240.0,36.0,Sold,,,https://www.redfin.com/AZ/Phoenix/3053-E-Roveen-Ave-85032/home/28188861,ARMLS,6252326.0,N,Y,33.6055026,-112.0152049
PAST SALE,July-28-2021,Condo/Co-op,4455 E PARADISE VILLAGE Pkwy S #1036,Phoenix,AZ,85032,400000.0,2.0,2.0,VILLAS AT STONECREEK LUXURY CONDOMINIUMS,1214.0,545.0,2001.0,,329.0,277.0,Sold,,,https://www.redfin.com/AZ/Phoenix/4455-E-Paradise-Village-Pkwy-S-85032/unit-1036/home/27624247,ARMLS,6257687.0,N,Y,33.5957347,-111.9826876
PAST SALE,July-26-2023,Single Family Residential,4309 E Sheena Dr,Phoenix,AZ,85032,660000.0,3.0,2.0,SHADOWRIDGE 3,2017.0,12939.0,1980.0,,327.0,,Sold,,,https://www.redfin.com/AZ/Phoenix/4309-E-Sheena-Dr-85032/home/27448118,ARMLS,6574682.0,N,Y,33.6137851,-111.9892542
PAST SALE,November-9-2020,Condo/Co-op,4704 E Paradise Village Pkwy #235,Phoenix,AZ,85032,171000.0,1.0,1.0,THE TAOS / PARADISE POINT CONDOMINIUM,713.0,703.0,1984.0,,240.0,171.0,Sold,,,https://www.redfin.com/AZ/Phoenix/4704-E-Paradise-Village-Pkwy-N-85032/unit-235/home/27129055,ARMLS,6147874.0,N,Y,33.6054163,-111.9795896
PAST SALE,July-25-2023,Mobile/Manufactured Home,16210 N 32nd Way,Phoenix,AZ,85032,175000.0,3.0,2.0,PALM LAKES VILLAGE 4,1440.0,4946.0,1973.0,,122.0,78.0,Sold,,,https://www.redfin.com/AZ/Phoenix/16210-N-32nd-Way-85032/home/27515623,ARMLS,6578392.0,N,Y,33.6340027,-112.0122861
PAST SALE,March-3-2023,Single Family Residential,3141 E Hillery Dr,Phoenix,AZ,85032,390000.0,4.0,3.0,HILLERY MANOR,2447.0,15682.0,1984.0,,159.0,,Sold,,,https://www.redfin.com/AZ/Phoenix/3141-E-Hillery-Dr-85032/home/27596593,ARMLS,6503250.0,N,Y,33.6214952,-112.0137067
PAST SALE,December-10-2020,Single Family Residential,3554 E MONTREAL Pl,Phoenix,AZ,85032,245000.0,2.0,2.5,Beacon Place,1135.0,1963.0,1985.0,,216.0,140.0,Sold,,,https://www.redfin.com/AZ/Phoenix/3554-E-Montreal-Pl-85032/home/27136681,ARMLS,6158467.0,N,Y,33.6332945,-112.0051278
PAST SALE,August-16-2022,Single Family Residential,4625 E KATHLEEN Rd,Phoenix,AZ,85032,759000.0,4.0,2.5,LONGMOOR ESTATES UNIT 1,2097.0,10597.0,1983.0,,362.0,,Sold,,,https://www.redfin.com/AZ/Phoenix/4625-E-Kathleen-Rd-85032/home/27026165,ARMLS,6426748.0,N,Y,33.6299884,-111.9810568
PAST SALE,October-6-2021,Single Family Residential,3508 E Acoma Dr,Phoenix,AZ,85032,366100.0,3.0,2.0,Paradise Valley Oasis No.,1656.0,6293.0,1978.0,,221.0,,Sold,,,https://www.redfin.com/AZ/Phoenix/3508-E-Acoma-Dr-85032/home/28255908,ARMLS,6287463.0,N,Y,33.6193391,-112.0060221
PAST SALE,December-28-2020,Townhouse,2538 E BLUEFIELD Ave,Phoenix,AZ,85032,292000.0,3.0,2.0,PEPPER RIDGE TOWNHOMES UNIT 2,1433.0,4112.0,1985.0,,204.0,74.0,Sold,,,https://www.redfin.com/AZ/Phoenix/2538-E-Bluefield-Ave-85032/home/28314311,ARMLS,6167865.0,N,Y,33.653425,-112.0272602
PAST SALE,February-24-2021,Single Family Residential,4535 E VILLA RITA Dr,Phoenix,AZ,85032,543700.0,3.0,2.5,IMAGES,2641.0,6364.0,1990.0,,206.0,20.0,Sold,,,https://www.redfin.com/AZ/Phoenix/4535-E-Villa-Rita-Dr-85032/home/28099367,ARMLS,6179127.0,N,Y,33.6506677,-111.9831302
PAST SALE,June-15-2021,Single Family Residential,4335 E BETTY ELYSE Ln,Phoenix,AZ,85032,520000.0,3.0,2.0,SAGUARO RIDGE 3,1716.0,9529.0,1985.0,,303.0,,Sold,,,https://www.redfin.com/AZ/Phoenix/4335-E-Betty-Elyse-Ln-85032/home/27612269,ARMLS,6236095.0,N,Y,33.6273974,-111.9871583
PAST SALE,August-21-2023,Single Family Residential,2708 E Libby St,Phoenix,AZ,85032,440000.0,4.0,2.0,PEPPER RIDGE UNIT 2,1725.0,6980.0,1980.0,,255.0,,Sold,,,https://www.redfin.com/AZ/Phoenix/2708-E-Libby-St-85032/home/27922779,ARMLS,6580874.0,N,Y,33.6488299,-112.0240465
PAST SALE,April-9-2021,Single Family Residential,3533 E MONTREAL Pl,Phoenix,AZ,85032,310000.0,3.0,2.75,BEACON PLACE,1171.0,2030.0,1985.0,,265.0,140.0,Sold,,,https://www.redfin.com/AZ/Phoenix/3533-E-Montreal-Pl-85032/home/27314812,ARMLS,6207763.0,N,Y,33.633045,-112.0058723
PAST SALE,July-27-2021,Single Family Residential,14844 N 36th Pl,Phoenix,AZ,85032,376000.0,3.0,2.0,PARADISE VALLEY MANOR,1866.0,7484.0,1971.0,,202.0,,Sold,,,https://www.redfin.com/AZ/Phoenix/14844-N-36th-Pl-85032/home/27240518,ARMLS,6251303.0,N,Y,33.6224716,-112.0040479
PAST SALE,January-25-2021,Townhouse,18202 N Cave Creek Rd #108,Phoenix,AZ,85032,85000.0,2.0,2.0,MOUNTAIN SPRINGS TERRACE CONDOMINIUM,836.0,765.0,1983.0,,102.0,266.0,Sold,,,https://www.redfin.com/AZ/Phoenix/18202-N-Cave-Creek-Rd-85032/unit-108/home/27740196,ARMLS,6180284.0,N,Y,33.651906,-112.032324
PAST SALE,March-31-2021,Townhouse,18038 N 24TH Pl,Phoenix,AZ,85032,215000.0,2.0,1.0,PEPPER RIDGE TOWNHOMES,960.0,3487.0,1986.0,,224.0,75.0,Sold,,,https://www.redfin.com/AZ/Phoenix/18038-N-24th-Pl-85032/home/27752345,ARMLS,6194589.0,N,Y,33.6510624,-112.0305671
PAST SALE,February-5-2021,Single Family Residential,4507 E LE MARCHE Ave,Phoenix,AZ,85032,542000.0,4.0,2.0,GREENBRIER EAST UNIT 12,2181.0,10081.0,1986.0,,249.0,,Sold,,,https://www.redfin.com/AZ/Phoenix/4507-E-Le-Marche-Ave-85032/home/28001103,ARMLS,6174767.0,N,Y,33.6327272,-111.9843514
PAST SALE,August-19-2021,Single Family Residential,4159 E VISTA Dr,Phoenix,AZ,85032,659000.0,4.0,2.0,PARADISE LANE LOT 1-61 TR A,2307.0,9195.0,1992.0,,286.0,,Sold,,,https://www.redfin.com/AZ/Phoenix/4159-E-Vista-Dr-85032/home/28052423,ARMLS,6267510.0,N,Y,33.6215071,-111.9918858
PAST SALE,November-2-2021,Single Family Residential,3026 E MICHIGAN Ave,Phoenix,AZ,85032,380000.0,3.0,2.5,PARADISE PARC SIDE,1425.0,3837.0,1987.0,,267.0,11.0,Sold,,,https://www.redfin.com/AZ/Phoenix/3026-E-Michigan-Ave-85032/home/27639315,ARMLS,6291387.0,N,Y,33.6520366,-112.0167454
PAST SALE,February-28-2022,Single Family Residential,17849 N 35TH Pl,Phoenix,AZ,85032,317500.0,2.0,1.0,PARQUE VISTA ESTATES UNIT 9,952.0,9061.0,1984.0,,334.0,,Sold,,,https://www.redfin.com/AZ/Phoenix/17849-N-35th-Pl-85032/home/27491263,ARMLS,6358173.0,N,Y,33.6494067,-112.002901
PAST SALE,April-14-2022,Single Family Residential,4536 E BECK Ln,Phoenix,AZ,85032,900000.0,4.0,2.0,GREENBRIER EAST UNIT 14 LOT 1-68,2211.0,8127.0,1988.0,,407.0,,Sold,,,https://www.redfin.com/AZ/Phoenix/4536-E-Beck-Ln-85032/home/28203590,ARMLS,6366367.0,N,Y,33.6273262,-111.9834089
PAST SALE,February-23-2022,Single Family Residential,2603 E Hartford Ave,Phoenix,AZ,85032,425000.0,3.0,2.0,W 130F OF W2 OF SW4 OF SE4 SW4 EX S 534.6F TH/OF & EX W 30F FOR RD,1400.0,12545.0,1973.0,,304.0,,Sold,,,https://www.redfin.com/AZ/Phoenix/2603-E-Hartford-Ave-85032/home/28156544,ARMLS,6346858.0,N,Y,33.6421457,-112.0262356
PAST SALE,March-2-2022,Townhouse,4465 E PARADISE VILLAGE Pkwy S #1192,Phoenix,AZ,85032,295000.0,1.0,1.0,VILLAS AT STONECREEK LUXURY CONDOMINIUMS,828.0,321.0,2001.0,,356.0,188.0,Sold,,,https://www.redfin.com/AZ/Phoenix/4465-E-Paradise-Village-Pkwy-S-85032/unit-1192/home/27129976,ARMLS,6347383.0,N,Y,33.5954514,-111.9818486
PAST SALE,November-18-2020,Single Family Residential,4639 E MICHELLE Dr,Phoenix,AZ,85032,431000.0,3.0,2.0,Tatum Heights,1577.0,5512.0,1992.0,,273.0,37.0,Sold,,,https://www.redfin.com/AZ/Phoenix/4639-E-Michelle-Dr-85032/home/28375945,ARMLS,6141428.0,N,Y,33.6499346,-111.9799855
